[
null,
{"id":1,"list":[{"code":230,"indent":0,"parameters":[30]},{"code":212,"indent":0,"parameters":[0,67,true]},{"code":205,"indent":0,"parameters":[0,{"list":[{"code":39,"indent":null},{"code":0}],"repeat":false,"skippable":false,"wait":false}]},{"code":505,"indent":0,"parameters":[{"code":39,"indent":null}]},{"code":111,"indent":0,"parameters":[12,"this.srpgBattler(0).isActor()"]},{"code":108,"indent":1,"parameters":["撃破されたのがアクターユニットの場合"]},{"code":0,"indent":1,"parameters":[]},{"code":411,"indent":0,"parameters":[]},{"code":108,"indent":1,"parameters":["撃破されたのがエネミーユニットの場合"]},{"code":122,"indent":1,"parameters":[9,9,0,4,"this.srpgBattler(0).exp()"]},{"code":111,"indent":1,"parameters":[1,9,0,0,3]},{"code":101,"indent":2,"parameters":["",0,0,2]},{"code":401,"indent":2,"parameters":["全員が経験値 \\V[9] を獲得。"]},{"code":315,"indent":2,"parameters":[0,0,0,1,9,true]},{"code":0,"indent":2,"parameters":[]},{"code":412,"indent":1,"parameters":[]},{"code":0,"indent":1,"parameters":[]},{"code":412,"indent":0,"parameters":[]},{"code":214,"indent":0,"parameters":[]},{"code":0,"indent":0,"parameters":[]}],"name":"撃破演出","switchId":1,"trigger":0},
{"id":2,"list":[{"code":111,"indent":0,"parameters":[12,"this.srpgBattler().isActor()"]},{"code":108,"indent":1,"parameters":["行動したのがアクターユニットの場合"]},{"code":101,"indent":1,"parameters":["",0,0,2]},{"code":401,"indent":1,"parameters":["\\C[3]行動ボーナス！\\C[0]"]},{"code":401,"indent":1,"parameters":["\\V[6]が経験値を 50 獲得。"]},{"code":122,"indent":1,"parameters":[8,8,0,4,"this.srpgBattler().actorId()"]},{"code":315,"indent":1,"parameters":[1,8,0,0,50,true]},{"code":0,"indent":1,"parameters":[]},{"code":411,"indent":0,"parameters":[]},{"code":108,"indent":1,"parameters":["行動したのがエネミーユニットの場合"]},{"code":0,"indent":1,"parameters":[]},{"code":412,"indent":0,"parameters":[]},{"code":0,"indent":0,"parameters":[]}],"name":"行動時の経験値獲得","switchId":1,"trigger":0},
{"id":3,"list":[{"code":0,"indent":0,"parameters":[]}],"name":"","switchId":1,"trigger":0},
{"id":4,"list":[{"code":0,"indent":0,"parameters":[]}],"name":"","switchId":1,"trigger":0}
]