[
null,
{"id":1,"actions":[{"conditionParam1":0,"conditionParam2":0,"conditionType":0,"rating":5,"skillId":1}],"battlerHue":0,"battlerName":"","dropItems":[{"dataId":1,"denominator":1,"kind":0},{"dataId":1,"denominator":1,"kind":0},{"dataId":1,"denominator":1,"kind":0}],"exp":50,"traits":[{"code":22,"dataId":0,"value":1},{"code":22,"dataId":1,"value":0.05},{"code":31,"dataId":1,"value":0}],"gold":0,"name":"こうもり","note":"<faceName:Monster>\n<faceIndex:0>\n<nickname:はずかしがりや>\n<profile:高い山も飛び越えて自由に移動することができる。>\n<level:1>\n<class:5>\n<equips:0 0 0 0 0>\n<mov:3><search:4><floatMove>","params":[200,0,30,30,30,30,30,30]},
{"id":2,"actions":[{"conditionParam1":0,"conditionParam2":0,"conditionType":0,"rating":5,"skillId":1}],"battlerHue":0,"battlerName":"","dropItems":[{"dataId":1,"denominator":1,"kind":0},{"dataId":1,"denominator":1,"kind":0},{"dataId":1,"denominator":1,"kind":0}],"exp":50,"traits":[{"code":22,"dataId":0,"value":1},{"code":31,"dataId":1,"value":0},{"code":11,"dataId":2,"value":2}],"gold":0,"name":"スライム","note":"<faceName:Monster>\n<faceIndex:1>\n<nickname:無鉄砲>\n<profile:水の上を自由に移動することができる。>\n<level:1>\n<class:5>\n<equips:0 0 0 0 0>\n<mov:2><search:3><shipMove>","params":[250,0,30,30,30,30,10,30]},
{"id":3,"actions":[{"conditionParam1":0,"conditionParam2":0,"conditionType":0,"rating":5,"skillId":1},{"conditionParam1":0,"conditionParam2":0.24,"conditionType":2,"rating":8,"skillId":6}],"battlerHue":0,"battlerName":"","dropItems":[{"dataId":1,"denominator":1,"kind":0},{"dataId":1,"denominator":1,"kind":0},{"dataId":1,"denominator":1,"kind":0}],"exp":50,"traits":[{"code":22,"dataId":0,"value":1},{"code":22,"dataId":1,"value":0.02},{"code":31,"dataId":1,"value":0},{"code":11,"dataId":10,"value":2},{"code":11,"dataId":1,"value":1}],"gold":0,"name":"オーク","note":"<faceName:Monster>\n<faceIndex:2>\n<nickname:あばれんぼう>\n<profile:遠くの獲物もすぐに見つけて襲いかかる。>\n<level:1>\n<class:5>\n<equips:0 0 0 0 0>\n<mov:3>","params":[300,0,30,30,30,30,25,30]},
{"id":4,"actions":[{"conditionParam1":0,"conditionParam2":0,"conditionType":0,"rating":5,"skillId":1}],"battlerHue":0,"battlerName":"","dropItems":[{"dataId":1,"denominator":1,"kind":0},{"dataId":1,"denominator":1,"kind":0},{"dataId":1,"denominator":1,"kind":0}],"exp":50,"traits":[{"code":22,"dataId":0,"value":0.95},{"code":22,"dataId":1,"value":0.05},{"code":31,"dataId":1,"value":0}],"gold":0,"name":"ミノタウロス","note":"<faceName:Monster>\n<faceIndex:3>\n<nickname:方向音痴>\n<profile:強大なパワーをもつが、移動するのは苦手。>\n<level:1>\n<class:5>\n<equips:0 0 0 0 0>\n<mov:1>","params":[500,0,30,30,30,30,15,30]},
{"id":5,"actions":[{"conditionParam1":0,"conditionParam2":0,"conditionType":0,"rating":5,"skillId":1}],"battlerHue":0,"battlerName":"","dropItems":[{"dataId":1,"denominator":1,"kind":0},{"dataId":1,"denominator":1,"kind":0},{"dataId":1,"denominator":1,"kind":0}],"exp":0,"traits":[{"code":22,"dataId":0,"value":1},{"code":22,"dataId":1,"value":0.02},{"code":31,"dataId":1,"value":0}],"gold":0,"name":"メカハロルド","note":"<faceName:Actor1>\n<faceIndex:0>\n<nickname:冷静沈着>\n<profile:ハロルドそっくりに作られた機械ゴーレム。>\n<level:1>\n<class:1>\n<equips:0 0 0 0 0>\n<mov:3>","params":[450,0,25,10,10,10,35,30]},
{"id":6,"actions":[],"battlerHue":0,"battlerName":"","dropItems":[{"dataId":1,"denominator":1,"kind":0},{"dataId":1,"denominator":1,"kind":0},{"dataId":1,"denominator":1,"kind":0}],"exp":0,"traits":[{"code":22,"dataId":0,"value":1},{"code":31,"dataId":1,"value":0}],"gold":0,"name":"宝箱","note":"<profile:中に何か入っているかもしれない。>\n<level:1>\n<class:6>","params":[10,0,1,1,1,1,1,1]}
]