[
null,
{"id":1,"animationId":-1,"damage":{"critical":true,"elementId":-1,"formula":"a.atk * 4 - b.def * 2","type":1,"variance":20},"description":"装備している武器で相手にダメージを与える。","effects":[{"code":21,"dataId":0,"value1":1,"value2":0}],"hitType":1,"iconIndex":76,"message1":"の攻撃！","message2":"","mpCost":0,"name":"攻撃","note":"スキル１番は［攻撃］コマンドを\n選択したときに使用されます。\n\n<range:diamond 1>\n<effect:diamond 0>","occasion":1,"repeats":1,"requiredWtypeId1":0,"requiredWtypeId2":0,"scope":1,"speed":0,"stypeId":0,"successRate":100,"tpCost":0,"tpGain":10},
{"id":2,"animationId":0,"damage":{"critical":false,"elementId":0,"formula":"0","type":0,"variance":20},"description":"身を守って受けるダメージを減らす。","effects":[{"code":21,"dataId":2,"value1":1,"value2":0}],"hitType":0,"iconIndex":81,"message1":"は身を守っている。","message2":"","mpCost":0,"name":"防御","note":"スキル２番は［防御］コマンドを\n選択したときに使用されます。","occasion":1,"repeats":1,"requiredWtypeId1":0,"requiredWtypeId2":0,"scope":11,"speed":2000,"stypeId":0,"successRate":100,"tpCost":0,"tpGain":10},
{"id":3,"animationId":-1,"damage":{"critical":true,"elementId":-1,"formula":"a.atk * 4 - b.def * 2","type":1,"variance":20},"description":"","effects":[{"code":21,"dataId":0,"value1":1,"value2":0}],"hitType":1,"iconIndex":76,"message1":"の攻撃！","message2":"","mpCost":0,"name":"連続攻撃","note":"","occasion":1,"repeats":2,"requiredWtypeId1":0,"requiredWtypeId2":0,"scope":1,"speed":0,"stypeId":0,"successRate":100,"tpCost":0,"tpGain":5},
{"id":4,"animationId":-1,"damage":{"critical":true,"elementId":-1,"formula":"a.atk * 4 - b.def * 2","type":1,"variance":20},"description":"","effects":[{"code":21,"dataId":0,"value1":1,"value2":0}],"hitType":1,"iconIndex":76,"message1":"の攻撃！","message2":"","mpCost":0,"name":"２回攻撃","note":"","occasion":1,"repeats":1,"requiredWtypeId1":0,"requiredWtypeId2":0,"scope":4,"speed":0,"stypeId":0,"successRate":100,"tpCost":0,"tpGain":5},
{"id":5,"animationId":-1,"damage":{"critical":true,"elementId":-1,"formula":"a.atk * 4 - b.def * 2","type":1,"variance":20},"description":"","effects":[{"code":21,"dataId":0,"value1":1,"value2":0}],"hitType":1,"iconIndex":76,"message1":"の攻撃！","message2":"","mpCost":0,"name":"３回攻撃","note":"","occasion":1,"repeats":1,"requiredWtypeId1":0,"requiredWtypeId2":0,"scope":5,"speed":0,"stypeId":0,"successRate":100,"tpCost":0,"tpGain":4},
{"id":6,"animationId":0,"damage":{"critical":false,"elementId":0,"formula":"0","type":0,"variance":20},"description":"","effects":[{"code":41,"dataId":0,"value1":0,"value2":0}],"hitType":0,"iconIndex":82,"message1":"は逃げてしまった。","message2":"","mpCost":0,"name":"逃げる","note":"","occasion":1,"repeats":1,"requiredWtypeId1":0,"requiredWtypeId2":0,"scope":11,"speed":0,"stypeId":0,"successRate":100,"tpCost":0,"tpGain":0},
{"id":7,"animationId":0,"damage":{"critical":false,"elementId":0,"formula":"0","type":0,"variance":20},"description":"","effects":[],"hitType":0,"iconIndex":81,"message1":"は様子を見ている。","message2":"","mpCost":0,"name":"様子を見る","note":"","occasion":1,"repeats":1,"requiredWtypeId1":0,"requiredWtypeId2":0,"scope":0,"speed":0,"stypeId":0,"successRate":100,"tpCost":0,"tpGain":10},
{"id":8,"animationId":41,"damage":{"critical":false,"elementId":0,"formula":"200 + a.mat","type":3,"variance":20},"description":"範囲内にいる対象のＨＰを回復する。","effects":[],"hitType":0,"iconIndex":72,"message1":"は%1を唱えた！","message2":"","mpCost":5,"name":"ヒール","note":"<range:diamond 1>\n<effect:diamond 1>","occasion":0,"repeats":1,"requiredWtypeId1":0,"requiredWtypeId2":0,"scope":7,"speed":0,"stypeId":1,"successRate":100,"tpCost":0,"tpGain":10},
{"id":9,"animationId":66,"damage":{"critical":false,"elementId":2,"formula":"100 + a.mat * 2 - b.mdf * 2","type":1,"variance":20},"description":"範囲内にいる対象に炎属性のダメージを与える。","effects":[],"hitType":2,"iconIndex":64,"message1":"は%1を唱えた！","message2":"","mpCost":5,"name":"ファイア","note":"<range:diamond 2>\n<effect:diamond 1>","occasion":1,"repeats":1,"requiredWtypeId1":0,"requiredWtypeId2":0,"scope":1,"speed":0,"stypeId":1,"successRate":100,"tpCost":0,"tpGain":10},
{"id":10,"animationId":78,"damage":{"critical":false,"elementId":4,"formula":"100 + a.mat * 2 - b.mdf * 2","type":1,"variance":20},"description":"対象に雷属性のダメージを与える。","effects":[],"hitType":2,"iconIndex":66,"message1":"は%1を唱えた！","message2":"","mpCost":5,"name":"スパーク","note":"<range:line 2>\n<effect:diamond 0>","occasion":1,"repeats":1,"requiredWtypeId1":0,"requiredWtypeId2":0,"scope":2,"speed":0,"stypeId":1,"successRate":100,"tpCost":0,"tpGain":10},
{"id":11,"animationId":0,"damage":{"critical":true,"elementId":-1,"formula":"","type":0,"variance":20},"description":"対象と会話、または調査します。","effects":[{"code":21,"dataId":0,"value1":1,"value2":0}],"hitType":0,"iconIndex":82,"message1":"","message2":"","mpCost":0,"name":"話す/調べる","note":"<range:diamond 1 rect 0>\n<effect:rect 0>","occasion":1,"repeats":1,"requiredWtypeId1":0,"requiredWtypeId2":0,"scope":1,"speed":0,"stypeId":0,"successRate":100,"tpCost":0,"tpGain":10}
]