[
null,
{"id":1,"animationId":6,"description":"","etypeId":1,"traits":[{"code":31,"dataId":1,"value":0},{"code":22,"dataId":0,"value":0}],"iconIndex":97,"name":"剣","note":"<shotWay:1>\n<shotCount:45>\n<shotSpeed:0.1>\n<shotInterval:30>\n<shotType:1>\n<shotIndex:8>","params":[0,0,10,0,0,0,0,0],"price":500,"wtypeId":2},
{"id":2,"animationId":6,"description":"","etypeId":1,"traits":[{"code":31,"dataId":1,"value":0},{"code":22,"dataId":0,"value":0}],"iconIndex":99,"name":"斧","note":"<shotWay:1>\n<shotCount:40>\n<shotSpeed:0.075>\n<shotInterval:20>\n<shotType:2>\n<shotIndex:0>\n","params":[0,0,10,0,0,0,0,0],"price":500,"wtypeId":4},
{"id":3,"animationId":1,"description":"","etypeId":1,"traits":[{"code":31,"dataId":1,"value":0},{"code":22,"dataId":0,"value":0}],"iconIndex":101,"name":"杖","note":"<shotWay:2>\n<shotSpace:0.6>\n<shotCount:60>\n<shotSpeed:0.1>\n<shotInterval:15>\n<shotType:1>\n<shotIndex:0>","params":[0,0,10,0,0,0,0,0],"price":500,"wtypeId":6},
{"id":4,"animationId":11,"description":"","etypeId":1,"traits":[{"code":31,"dataId":1,"value":0},{"code":22,"dataId":0,"value":0}],"iconIndex":102,"name":"弓","note":"<shotWay:1>\n<shotCount:90>\n<shotSpeed:0.15>\n<shotInterval:30>\n<shotType:1>\n<shotIndex:6>","params":[0,0,10,0,0,0,0,0],"price":500,"wtypeId":7}
]