[
null,
{"id":1,"atypeId":5,"description":"","etypeId":2,"traits":[{"code":22,"dataId":1,"value":0}],"iconIndex":128,"name":"盾","note":"<guard_speed:30>","params":[0,0,0,10,0,0,0,0],"price":300},
{"id":2,"atypeId":1,"description":"","etypeId":3,"traits":[{"code":22,"dataId":1,"value":0}],"iconIndex":130,"name":"帽子","note":"","params":[0,0,0,10,0,0,0,0],"price":300},
{"id":3,"atypeId":1,"description":"","etypeId":4,"traits":[{"code":22,"dataId":1,"value":0}],"iconIndex":135,"name":"服","note":"","params":[0,0,0,10,0,0,0,0],"price":300},
{"id":4,"atypeId":1,"description":"身につけると空中でもう一度ジャンプできる不思議な指輪。\n\\C[16]操作方法\\C[0] Ｘキーでジャンプ後に空中で再度Ｘキー","etypeId":5,"traits":[{"code":22,"dataId":1,"value":0}],"iconIndex":145,"name":"二段跳びの指輪","note":"<mulch_jump:1>","params":[0,0,0,0,10,0,0,0],"price":300},
{"id":5,"atypeId":1,"description":"身につけると壁を蹴ってジャンプできる不思議な指輪。\n\\C[16]操作方法\\C[0] Ｘキーでジャンプ後に壁に接した状態でＸキー","etypeId":5,"traits":[{"code":22,"dataId":1,"value":0}],"iconIndex":145,"name":"壁蹴りの指輪","note":"<wall_jump>","params":[0,0,0,0,10,0,0,0],"price":300}
]