[
null,
{"id":1,"animationId":0,"consumable":false,"damage":{"critical":false,"elementId":0,"formula":"0","type":0,"variance":20},"description":"test","effects":[],"hitType":0,"iconIndex":188,"itypeId":1,"name":"アルド","note":"<cardCost:4>\n<cardHp:19>\n<cardAtk:3>\n<cardType:0>\n<cardElement:0>\n<cardRare:3>\n<unitSkill:3>\n<partySkill:4>\n<cardImage:card_1>","occasion":3,"price":0,"repeats":1,"scope":0,"speed":0,"successRate":100,"tpGain":0},
{"id":2,"animationId":0,"consumable":false,"damage":{"critical":false,"elementId":0,"formula":"0","type":0,"variance":20},"description":"test","effects":[],"hitType":0,"iconIndex":188,"itypeId":1,"name":"ニナ","note":"<cardCost:4>\n<cardHp:19>\n<cardAtk:3>\n<cardType:2>\n<cardElement:6>\n<cardRare:3>\n<unitSkill:5>\n<partySkill:6>\n<cardImage:card_2>","occasion":3,"price":0,"repeats":1,"scope":0,"speed":0,"successRate":100,"tpGain":0},
{"id":3,"animationId":0,"consumable":false,"damage":{"critical":false,"elementId":0,"formula":"0","type":0,"variance":20},"description":"test","effects":[],"hitType":0,"iconIndex":188,"itypeId":1,"name":"ロブ","note":"<cardCost:4>\n<cardHp:19>\n<cardAtk:3>\n<cardType:1>\n<cardElement:4>\n<cardRare:3>\n<unitSkill:7>\n<partySkill:8>\n<cardImage:card_3>","occasion":3,"price":0,"repeats":1,"scope":0,"speed":0,"successRate":100,"tpGain":0},
{"id":4,"animationId":0,"consumable":false,"damage":{"critical":false,"elementId":0,"formula":"0","type":0,"variance":20},"description":"test","effects":[],"hitType":0,"iconIndex":188,"itypeId":1,"name":"ハヤテマル","note":"<cardCost:4>\n<cardHp:19>\n<cardAtk:3>\n<cardType:1>\n<cardElement:5>\n<cardRare:3>\n<unitSkill:9>\n<partySkill:10>\n<cardImage:card_4>","occasion":3,"price":0,"repeats":1,"scope":0,"speed":0,"successRate":100,"tpGain":0},
{"id":5,"animationId":0,"consumable":false,"damage":{"critical":false,"elementId":0,"formula":"0","type":0,"variance":20},"description":"test","effects":[],"hitType":0,"iconIndex":188,"itypeId":1,"name":"ディララ","note":"<cardCost:4>\n<cardHp:19>\n<cardAtk:3>\n<cardType:0>\n<cardElement:5>\n<cardRare:3>\n<unitSkill:11>\n<partySkill:12>\n<cardImage:card_5>","occasion":3,"price":0,"repeats":1,"scope":0,"speed":0,"successRate":100,"tpGain":0},
{"id":6,"animationId":0,"consumable":false,"damage":{"critical":false,"elementId":0,"formula":"0","type":0,"variance":20},"description":"test","effects":[],"hitType":0,"iconIndex":188,"itypeId":1,"name":"グスタフ","note":"<cardCost:4>\n<cardHp:19>\n<cardAtk:3>\n<cardType:0>\n<cardElement:4>\n<cardRare:3>\n<unitSkill:13>\n<partySkill:14>\n<cardImage:card_6>","occasion":3,"price":0,"repeats":1,"scope":0,"speed":0,"successRate":100,"tpGain":0},
{"id":7,"animationId":0,"consumable":false,"damage":{"critical":false,"elementId":0,"formula":"0","type":0,"variance":20},"description":"test","effects":[],"hitType":0,"iconIndex":188,"itypeId":1,"name":"アイセル","note":"<cardCost:4>\n<cardHp:19>\n<cardAtk:3>\n<cardType:2>\n<cardElement:4>\n<cardRare:3>\n<unitSkill:15>\n<partySkill:16>\n<cardImage:card_7>","occasion":3,"price":0,"repeats":1,"scope":0,"speed":0,"successRate":100,"tpGain":0},
{"id":8,"animationId":0,"consumable":false,"damage":{"critical":false,"elementId":0,"formula":"0","type":0,"variance":20},"description":"test","effects":[],"hitType":0,"iconIndex":188,"itypeId":1,"name":"夜一","note":"<cardCost:4>\n<cardHp:19>\n<cardAtk:3>\n<cardType:1>\n<cardElement:7>\n<cardRare:3>\n<unitSkill:17>\n<partySkill:18>\n<cardImage:card_8>","occasion":3,"price":0,"repeats":1,"scope":0,"speed":0,"successRate":100,"tpGain":0},
{"id":9,"animationId":0,"consumable":false,"damage":{"critical":false,"elementId":0,"formula":"0","type":0,"variance":20},"description":"test","effects":[],"hitType":0,"iconIndex":188,"itypeId":1,"name":"ソフィー","note":"<cardCost:4>\n<cardHp:19>\n<cardAtk:3>\n<cardType:3>\n<cardElement:3>\n<cardRare:3>\n<unitSkill:19>\n<partySkill:20>\n<cardImage:card_9>","occasion":3,"price":0,"repeats":1,"scope":0,"speed":0,"successRate":100,"tpGain":0},
{"id":10,"animationId":0,"consumable":false,"damage":{"critical":false,"elementId":0,"formula":"0","type":0,"variance":20},"description":"test","effects":[],"hitType":0,"iconIndex":188,"itypeId":1,"name":"フリスト","note":"<cardCost:4>\n<cardHp:19>\n<cardAtk:3>\n<cardType:1>\n<cardElement:0>\n<cardRare:3>\n<unitSkill:21>\n<partySkill:22>\n<cardImage:card_10>","occasion":3,"price":0,"repeats":1,"scope":0,"speed":0,"successRate":100,"tpGain":0},
{"id":11,"animationId":0,"consumable":false,"damage":{"critical":false,"elementId":0,"formula":"0","type":0,"variance":20},"description":"test","effects":[],"hitType":0,"iconIndex":188,"itypeId":1,"name":"アクジャ","note":"<cardCost:4>\n<cardHp:19>\n<cardAtk:3>\n<cardType:3>\n<cardElement:7>\n<cardRare:3>\n<unitSkill:23>\n<partySkill:24>\n<cardImage:card_11>","occasion":3,"price":0,"repeats":1,"scope":0,"speed":0,"successRate":100,"tpGain":0},
{"id":12,"animationId":0,"consumable":false,"damage":{"critical":false,"elementId":0,"formula":"0","type":0,"variance":20},"description":"test","effects":[],"hitType":0,"iconIndex":188,"itypeId":1,"name":"フランツ","note":"<cardCost:4>\n<cardHp:19>\n<cardAtk:3>\n<cardType:1>\n<cardElement:3>\n<cardRare:3>\n<unitSkill:25>\n<partySkill:26>\n<cardImage:card_12>","occasion":3,"price":0,"repeats":1,"scope":0,"speed":0,"successRate":100,"tpGain":0},
{"id":13,"animationId":0,"consumable":false,"damage":{"critical":false,"elementId":0,"formula":"0","type":0,"variance":20},"description":"test","effects":[],"hitType":0,"iconIndex":188,"itypeId":1,"name":"マリー","note":"<cardCost:4>\n<cardHp:19>\n<cardAtk:3>\n<cardType:3>\n<cardElement:6>\n<cardRare:3>\n<unitSkill:27>\n<partySkill:28>\n<cardImage:card_13>","occasion":3,"price":0,"repeats":1,"scope":0,"speed":0,"successRate":100,"tpGain":0},
{"id":14,"animationId":0,"consumable":false,"damage":{"critical":false,"elementId":0,"formula":"0","type":0,"variance":20},"description":"test","effects":[],"hitType":0,"iconIndex":188,"itypeId":1,"name":"オルハン","note":"<cardCost:4>\n<cardHp:19>\n<cardAtk:3>\n<cardType:0>\n<cardElement:6>\n<cardRare:3>\n<unitSkill:29>\n<partySkill:30>\n<cardImage:card_14>","occasion":3,"price":0,"repeats":1,"scope":0,"speed":0,"successRate":100,"tpGain":0},
{"id":15,"animationId":0,"consumable":false,"damage":{"critical":false,"elementId":0,"formula":"0","type":0,"variance":20},"description":"test","effects":[],"hitType":0,"iconIndex":188,"itypeId":1,"name":"チムグ","note":"<cardCost:4>\n<cardHp:19>\n<cardAtk:3>\n<cardType:2>\n<cardElement:0>\n<cardRare:3>\n<unitSkill:31>\n<partySkill:32>\n<cardImage:card_15>","occasion":3,"price":0,"repeats":1,"scope":0,"speed":0,"successRate":100,"tpGain":0},
{"id":16,"animationId":0,"consumable":false,"damage":{"critical":false,"elementId":0,"formula":"0","type":0,"variance":20},"description":"test","effects":[],"hitType":0,"iconIndex":188,"itypeId":1,"name":"Ｂ２","note":"<cardCost:4>\n<cardHp:19>\n<cardAtk:3>\n<cardType:0>\n<cardElement:3>\n<cardRare:3>\n<unitSkill:33>\n<partySkill:34>\n<cardImage:card_16>","occasion":3,"price":0,"repeats":1,"scope":0,"speed":0,"successRate":100,"tpGain":0},
{"id":17,"animationId":0,"consumable":false,"damage":{"critical":false,"elementId":0,"formula":"0","type":0,"variance":20},"description":"test","effects":[],"hitType":0,"iconIndex":188,"itypeId":1,"name":"天使","note":"<cardCost:3>\n<cardHp:18>\n<cardAtk:2>\n<cardType:1>\n<cardElement:6>\n<cardRare:1>\n<unitSkill:35>\n<partySkill:36>\n<cardImage:card_17>","occasion":3,"price":0,"repeats":1,"scope":0,"speed":0,"successRate":100,"tpGain":0},
{"id":18,"animationId":0,"consumable":false,"damage":{"critical":false,"elementId":0,"formula":"0","type":0,"variance":20},"description":"test","effects":[],"hitType":0,"iconIndex":188,"itypeId":1,"name":"アサシン","note":"<cardCost:3>\n<cardHp:14>\n<cardAtk:4>\n<cardType:0>\n<cardElement:7>\n<cardRare:1>\n<unitSkill:37>\n<partySkill:38>\n<cardImage:card_18>","occasion":3,"price":0,"repeats":1,"scope":0,"speed":0,"successRate":100,"tpGain":0},
{"id":19,"animationId":0,"consumable":false,"damage":{"critical":false,"elementId":0,"formula":"0","type":0,"variance":20},"description":"test","effects":[],"hitType":0,"iconIndex":188,"itypeId":1,"name":"こうもり","note":"<cardCost:2>\n<cardHp:13>\n<cardAtk:3>\n<cardType:1>\n<cardElement:7>\n<cardRare:0>\n<unitSkill:39>\n<partySkill:40>\n<cardImage:card_19>","occasion":3,"price":0,"repeats":1,"scope":0,"speed":0,"successRate":100,"tpGain":0},
{"id":20,"animationId":0,"consumable":false,"damage":{"critical":false,"elementId":0,"formula":"0","type":0,"variance":20},"description":"test","effects":[],"hitType":0,"iconIndex":188,"itypeId":1,"name":"ベヒーモス","note":"<cardCost:4>\n<cardHp:19>\n<cardAtk:3>\n<cardType:2>\n<cardElement:4>\n<cardRare:2>\n<unitSkill:41>\n<partySkill:42>\n<cardImage:card_20>","occasion":3,"price":0,"repeats":1,"scope":0,"speed":0,"successRate":100,"tpGain":0},
{"id":21,"animationId":0,"consumable":false,"damage":{"critical":false,"elementId":0,"formula":"0","type":0,"variance":20},"description":"test","effects":[],"hitType":0,"iconIndex":188,"itypeId":1,"name":"キャプテン","note":"<cardCost:3>\n<cardHp:12>\n<cardAtk:3>\n<cardType:1>\n<cardElement:0>\n<cardRare:0>\n<unitSkill:3>\n<partySkill:4>\n<cardImage:card_21>","occasion":3,"price":0,"repeats":1,"scope":0,"speed":0,"successRate":100,"tpGain":0},
{"id":22,"animationId":0,"consumable":false,"damage":{"critical":false,"elementId":0,"formula":"0","type":0,"variance":20},"description":"test","effects":[],"hitType":0,"iconIndex":188,"itypeId":1,"name":"ケルベロス","note":"<cardCost:3>\n<cardHp:12>\n<cardAtk:3>\n<cardType:1>\n<cardElement:0>\n<cardRare:0>\n<unitSkill:3>\n<partySkill:4>\n<cardImage:card_22>","occasion":3,"price":0,"repeats":1,"scope":0,"speed":0,"successRate":100,"tpGain":0},
{"id":23,"animationId":0,"consumable":false,"damage":{"critical":false,"elementId":0,"formula":"0","type":0,"variance":20},"description":"test","effects":[],"hitType":0,"iconIndex":188,"itypeId":1,"name":"キメラ","note":"<cardCost:3>\n<cardHp:12>\n<cardAtk:3>\n<cardType:1>\n<cardElement:0>\n<cardRare:0>\n<unitSkill:3>\n<partySkill:4>\n<cardImage:card_23>","occasion":3,"price":0,"repeats":1,"scope":0,"speed":0,"successRate":100,"tpGain":0},
{"id":24,"animationId":0,"consumable":false,"damage":{"critical":false,"elementId":0,"formula":"0","type":0,"variance":20},"description":"test","effects":[],"hitType":0,"iconIndex":188,"itypeId":1,"name":"コカトリス","note":"<cardCost:3>\n<cardHp:12>\n<cardAtk:3>\n<cardType:1>\n<cardElement:0>\n<cardRare:0>\n<unitSkill:3>\n<partySkill:4>\n<cardImage:card_24>","occasion":3,"price":0,"repeats":1,"scope":0,"speed":0,"successRate":100,"tpGain":0},
{"id":25,"animationId":0,"consumable":false,"damage":{"critical":false,"elementId":0,"formula":"0","type":0,"variance":20},"description":"test","effects":[],"hitType":0,"iconIndex":188,"itypeId":1,"name":"ダークロード","note":"<cardCost:3>\n<cardHp:12>\n<cardAtk:3>\n<cardType:1>\n<cardElement:0>\n<cardRare:0>\n<unitSkill:3>\n<partySkill:4>\n<cardImage:card_25>","occasion":3,"price":0,"repeats":1,"scope":0,"speed":0,"successRate":100,"tpGain":0},
{"id":26,"animationId":0,"consumable":false,"damage":{"critical":false,"elementId":0,"formula":"0","type":0,"variance":20},"description":"test","effects":[],"hitType":0,"iconIndex":188,"itypeId":1,"name":"真のダークロード","note":"<cardCost:3>\n<cardHp:12>\n<cardAtk:3>\n<cardType:1>\n<cardElement:0>\n<cardRare:0>\n<unitSkill:3>\n<partySkill:4>\n<cardImage:card_26>","occasion":3,"price":0,"repeats":1,"scope":0,"speed":0,"successRate":100,"tpGain":0},
{"id":27,"animationId":0,"consumable":false,"damage":{"critical":false,"elementId":0,"formula":"0","type":0,"variance":20},"description":"test","effects":[],"hitType":0,"iconIndex":188,"itypeId":1,"name":"デス","note":"<cardCost:3>\n<cardHp:12>\n<cardAtk:3>\n<cardType:1>\n<cardElement:0>\n<cardRare:0>\n<unitSkill:3>\n<partySkill:4>\n<cardImage:card_27>","occasion":3,"price":0,"repeats":1,"scope":0,"speed":0,"successRate":100,"tpGain":0},
{"id":28,"animationId":0,"consumable":false,"damage":{"critical":false,"elementId":0,"formula":"0","type":0,"variance":20},"description":"test","effects":[],"hitType":0,"iconIndex":188,"itypeId":1,"name":"デーモン","note":"<cardCost:3>\n<cardHp:12>\n<cardAtk:3>\n<cardType:1>\n<cardElement:0>\n<cardRare:0>\n<unitSkill:3>\n<partySkill:4>\n<cardImage:card_28>","occasion":3,"price":0,"repeats":1,"scope":0,"speed":0,"successRate":100,"tpGain":0},
{"id":29,"animationId":0,"consumable":false,"damage":{"critical":false,"elementId":0,"formula":"0","type":0,"variance":20},"description":"test","effects":[],"hitType":0,"iconIndex":188,"itypeId":1,"name":"ドラゴン","note":"<cardCost:3>\n<cardHp:12>\n<cardAtk:3>\n<cardType:1>\n<cardElement:0>\n<cardRare:0>\n<unitSkill:3>\n<partySkill:4>\n<cardImage:card_29>","occasion":3,"price":0,"repeats":1,"scope":0,"speed":0,"successRate":100,"tpGain":0},
{"id":30,"animationId":0,"consumable":false,"damage":{"critical":false,"elementId":0,"formula":"0","type":0,"variance":20},"description":"test","effects":[],"hitType":0,"iconIndex":188,"itypeId":1,"name":"アーススピリット","note":"<cardCost:3>\n<cardHp:12>\n<cardAtk:3>\n<cardType:1>\n<cardElement:0>\n<cardRare:0>\n<unitSkill:3>\n<partySkill:4>\n<cardImage:card_30>","occasion":3,"price":0,"repeats":1,"scope":0,"speed":0,"successRate":100,"tpGain":0},
{"id":31,"animationId":0,"consumable":false,"damage":{"critical":false,"elementId":0,"formula":"0","type":0,"variance":20},"description":"test","effects":[],"hitType":0,"iconIndex":188,"itypeId":1,"name":"エビルゴッド","note":"<cardCost:3>\n<cardHp:12>\n<cardAtk:3>\n<cardType:1>\n<cardElement:0>\n<cardRare:0>\n<unitSkill:3>\n<partySkill:4>\n<cardImage:card_31>","occasion":3,"price":0,"repeats":1,"scope":0,"speed":0,"successRate":100,"tpGain":0},
{"id":32,"animationId":0,"consumable":false,"damage":{"critical":false,"elementId":0,"formula":"0","type":0,"variance":20},"description":"test","effects":[],"hitType":0,"iconIndex":188,"itypeId":1,"name":"フェアリー","note":"<cardCost:3>\n<cardHp:12>\n<cardAtk:3>\n<cardType:1>\n<cardElement:0>\n<cardRare:0>\n<unitSkill:3>\n<partySkill:4>\n<cardImage:card_32>","occasion":3,"price":0,"repeats":1,"scope":0,"speed":0,"successRate":100,"tpGain":0},
{"id":33,"animationId":0,"consumable":false,"damage":{"critical":false,"elementId":0,"formula":"0","type":0,"variance":20},"description":"test","effects":[],"hitType":0,"iconIndex":188,"itypeId":1,"name":"ファナティック","note":"<cardCost:3>\n<cardHp:12>\n<cardAtk:3>\n<cardType:1>\n<cardElement:0>\n<cardRare:0>\n<unitSkill:3>\n<partySkill:4>\n<cardImage:card_33>","occasion":3,"price":0,"repeats":1,"scope":0,"speed":0,"successRate":100,"tpGain":0},
{"id":34,"animationId":0,"consumable":false,"damage":{"critical":false,"elementId":0,"formula":"0","type":0,"variance":20},"description":"test","effects":[],"hitType":0,"iconIndex":188,"itypeId":1,"name":"ファイアスピリット","note":"<cardCost:3>\n<cardHp:12>\n<cardAtk:3>\n<cardType:1>\n<cardElement:0>\n<cardRare:0>\n<unitSkill:3>\n<partySkill:4>\n<cardImage:card_34>","occasion":3,"price":0,"repeats":1,"scope":0,"speed":0,"successRate":100,"tpGain":0},
{"id":35,"animationId":0,"consumable":false,"damage":{"critical":false,"elementId":0,"formula":"0","type":0,"variance":20},"description":"test","effects":[],"hitType":0,"iconIndex":188,"itypeId":1,"name":"ガーゴイル","note":"<cardCost:3>\n<cardHp:12>\n<cardAtk:3>\n<cardType:1>\n<cardElement:0>\n<cardRare:0>\n<unitSkill:3>\n<partySkill:4>\n<cardImage:card_35>","occasion":3,"price":0,"repeats":1,"scope":0,"speed":0,"successRate":100,"tpGain":0},
{"id":36,"animationId":0,"consumable":false,"damage":{"critical":false,"elementId":0,"formula":"0","type":0,"variance":20},"description":"test","effects":[],"hitType":0,"iconIndex":188,"itypeId":1,"name":"ガルーダ","note":"<cardCost:3>\n<cardHp:12>\n<cardAtk:3>\n<cardType:1>\n<cardElement:0>\n<cardRare:0>\n<unitSkill:3>\n<partySkill:4>\n<cardImage:card_36>","occasion":3,"price":0,"repeats":1,"scope":0,"speed":0,"successRate":100,"tpGain":0},
{"id":37,"animationId":0,"consumable":false,"damage":{"critical":false,"elementId":0,"formula":"0","type":0,"variance":20},"description":"test","effects":[],"hitType":0,"iconIndex":188,"itypeId":1,"name":"ゲイザー","note":"<cardCost:3>\n<cardHp:12>\n<cardAtk:3>\n<cardType:1>\n<cardElement:0>\n<cardRare:0>\n<unitSkill:3>\n<partySkill:4>\n<cardImage:card_37>","occasion":3,"price":0,"repeats":1,"scope":0,"speed":0,"successRate":100,"tpGain":0},
{"id":38,"animationId":0,"consumable":false,"damage":{"critical":false,"elementId":0,"formula":"0","type":0,"variance":20},"description":"test","effects":[],"hitType":0,"iconIndex":188,"itypeId":1,"name":"ジェネラル女","note":"<cardCost:3>\n<cardHp:12>\n<cardAtk:3>\n<cardType:1>\n<cardElement:0>\n<cardRare:0>\n<unitSkill:77>\n<partySkill:78>\n<cardImage:card_38>","occasion":3,"price":0,"repeats":1,"scope":0,"speed":0,"successRate":100,"tpGain":0},
{"id":39,"animationId":0,"consumable":false,"damage":{"critical":false,"elementId":0,"formula":"0","type":0,"variance":20},"description":"test","effects":[],"hitType":0,"iconIndex":188,"itypeId":1,"name":"ジェネラル男","note":"<cardCost:3>\n<cardHp:12>\n<cardAtk:3>\n<cardType:1>\n<cardElement:0>\n<cardRare:0>\n<unitSkill:79>\n<partySkill:80>\n<cardImage:card_39>","occasion":3,"price":0,"repeats":1,"scope":0,"speed":0,"successRate":100,"tpGain":0},
{"id":40,"animationId":0,"consumable":false,"damage":{"critical":false,"elementId":0,"formula":"0","type":0,"variance":20},"description":"test","effects":[],"hitType":0,"iconIndex":188,"itypeId":1,"name":"ゴースト","note":"<cardCost:3>\n<cardHp:12>\n<cardAtk:3>\n<cardType:1>\n<cardElement:0>\n<cardRare:0>\n<unitSkill:3>\n<partySkill:4>\n<cardImage:card_40>","occasion":3,"price":0,"repeats":1,"scope":0,"speed":0,"successRate":100,"tpGain":0},
{"id":41,"animationId":0,"consumable":false,"damage":{"critical":false,"elementId":0,"formula":"0","type":0,"variance":20},"description":"test","effects":[],"hitType":0,"iconIndex":188,"itypeId":1,"name":"ゴッド","note":"<cardCost:3>\n<cardHp:12>\n<cardAtk:3>\n<cardType:1>\n<cardElement:0>\n<cardRare:0>\n<unitSkill:3>\n<partySkill:4>\n<cardImage:card_41>","occasion":3,"price":0,"repeats":1,"scope":0,"speed":0,"successRate":100,"tpGain":0},
{"id":42,"animationId":0,"consumable":false,"damage":{"critical":false,"elementId":0,"formula":"0","type":0,"variance":20},"description":"test","effects":[],"hitType":0,"iconIndex":188,"itypeId":1,"name":"ゴッデス","note":"<cardCost:3>\n<cardHp:12>\n<cardAtk:3>\n<cardType:1>\n<cardElement:0>\n<cardRare:0>\n<unitSkill:3>\n<partySkill:4>\n<cardImage:card_42>","occasion":3,"price":0,"repeats":1,"scope":0,"speed":0,"successRate":100,"tpGain":0},
{"id":43,"animationId":0,"consumable":false,"damage":{"critical":false,"elementId":0,"formula":"0","type":0,"variance":20},"description":"test","effects":[],"hitType":0,"iconIndex":188,"itypeId":1,"name":"ホーネット","note":"<cardCost:3>\n<cardHp:12>\n<cardAtk:3>\n<cardType:1>\n<cardElement:0>\n<cardRare:0>\n<unitSkill:3>\n<partySkill:4>\n<cardImage:card_43>","occasion":3,"price":0,"repeats":1,"scope":0,"speed":0,"successRate":100,"tpGain":0},
{"id":44,"animationId":0,"consumable":false,"damage":{"critical":false,"elementId":0,"formula":"0","type":0,"variance":20},"description":"test","effects":[],"hitType":0,"iconIndex":188,"itypeId":1,"name":"インプ","note":"<cardCost:3>\n<cardHp:12>\n<cardAtk:3>\n<cardType:1>\n<cardElement:0>\n<cardRare:0>\n<unitSkill:3>\n<partySkill:4>\n<cardImage:card_44>","occasion":3,"price":0,"repeats":1,"scope":0,"speed":0,"successRate":100,"tpGain":0},
{"id":45,"animationId":0,"consumable":false,"damage":{"critical":false,"elementId":0,"formula":"0","type":0,"variance":20},"description":"test","effects":[],"hitType":0,"iconIndex":188,"itypeId":1,"name":"鉄巨人","note":"<cardCost:3>\n<cardHp:12>\n<cardAtk:3>\n<cardType:1>\n<cardElement:0>\n<cardRare:0>\n<unitSkill:3>\n<partySkill:4>\n<cardImage:card_45>","occasion":3,"price":0,"repeats":1,"scope":0,"speed":0,"successRate":100,"tpGain":0},
{"id":46,"animationId":0,"consumable":false,"damage":{"critical":false,"elementId":0,"formula":"0","type":0,"variance":20},"description":"test","effects":[],"hitType":0,"iconIndex":188,"itypeId":1,"name":"ジェリーフィッシュ","note":"<cardCost:3>\n<cardHp:12>\n<cardAtk:3>\n<cardType:1>\n<cardElement:0>\n<cardRare:0>\n<unitSkill:3>\n<partySkill:4>\n<cardImage:card_46>","occasion":3,"price":0,"repeats":1,"scope":0,"speed":0,"successRate":100,"tpGain":0},
{"id":47,"animationId":0,"consumable":false,"damage":{"critical":false,"elementId":0,"formula":"0","type":0,"variance":20},"description":"test","effects":[],"hitType":0,"iconIndex":188,"itypeId":1,"name":"ラミア","note":"<cardCost:3>\n<cardHp:12>\n<cardAtk:3>\n<cardType:1>\n<cardElement:0>\n<cardRare:0>\n<unitSkill:3>\n<partySkill:4>\n<cardImage:card_47>","occasion":3,"price":0,"repeats":1,"scope":0,"speed":0,"successRate":100,"tpGain":0},
{"id":48,"animationId":0,"consumable":false,"damage":{"critical":false,"elementId":0,"formula":"0","type":0,"variance":20},"description":"test","effects":[],"hitType":0,"iconIndex":188,"itypeId":1,"name":"魔術師","note":"<cardCost:3>\n<cardHp:12>\n<cardAtk:3>\n<cardType:1>\n<cardElement:0>\n<cardRare:0>\n<unitSkill:3>\n<partySkill:4>\n<cardImage:card_48>","occasion":3,"price":0,"repeats":1,"scope":0,"speed":0,"successRate":100,"tpGain":0},
{"id":49,"animationId":0,"consumable":false,"damage":{"critical":false,"elementId":0,"formula":"0","type":0,"variance":20},"description":"test","effects":[],"hitType":0,"iconIndex":188,"itypeId":1,"name":"ミミック","note":"<cardCost:3>\n<cardHp:12>\n<cardAtk:3>\n<cardType:1>\n<cardElement:0>\n<cardRare:0>\n<unitSkill:3>\n<partySkill:4>\n<cardImage:card_49>","occasion":3,"price":0,"repeats":1,"scope":0,"speed":0,"successRate":100,"tpGain":0},
{"id":50,"animationId":0,"consumable":false,"damage":{"critical":false,"elementId":0,"formula":"0","type":0,"variance":20},"description":"test","effects":[],"hitType":0,"iconIndex":188,"itypeId":1,"name":"ミノタウロス","note":"<cardCost:3>\n<cardHp:12>\n<cardAtk:3>\n<cardType:1>\n<cardElement:0>\n<cardRare:0>\n<unitSkill:3>\n<partySkill:4>\n<cardImage:card_50>","occasion":3,"price":0,"repeats":1,"scope":0,"speed":0,"successRate":100,"tpGain":0},
{"id":51,"animationId":0,"consumable":false,"damage":{"critical":false,"elementId":0,"formula":"0","type":0,"variance":20},"description":"test","effects":[],"hitType":0,"iconIndex":188,"itypeId":1,"name":"オーガ","note":"<cardCost:3>\n<cardHp:12>\n<cardAtk:3>\n<cardType:1>\n<cardElement:0>\n<cardRare:0>\n<unitSkill:3>\n<partySkill:4>\n<cardImage:card_51>","occasion":3,"price":0,"repeats":1,"scope":0,"speed":0,"successRate":100,"tpGain":0},
{"id":52,"animationId":0,"consumable":false,"damage":{"critical":false,"elementId":0,"formula":"0","type":0,"variance":20},"description":"test","effects":[],"hitType":0,"iconIndex":188,"itypeId":1,"name":"オーク","note":"<cardCost:3>\n<cardHp:12>\n<cardAtk:3>\n<cardType:1>\n<cardElement:0>\n<cardRare:0>\n<unitSkill:3>\n<partySkill:4>\n<cardImage:card_52>","occasion":3,"price":0,"repeats":1,"scope":0,"speed":0,"successRate":100,"tpGain":0},
{"id":53,"animationId":0,"consumable":false,"damage":{"critical":false,"elementId":0,"formula":"0","type":0,"variance":20},"description":"test","effects":[],"hitType":0,"iconIndex":188,"itypeId":1,"name":"プラント","note":"<cardCost:3>\n<cardHp:12>\n<cardAtk:3>\n<cardType:1>\n<cardElement:0>\n<cardRare:0>\n<unitSkill:3>\n<partySkill:4>\n<cardImage:card_53>","occasion":3,"price":0,"repeats":1,"scope":0,"speed":0,"successRate":100,"tpGain":0},
{"id":54,"animationId":0,"consumable":false,"damage":{"critical":false,"elementId":0,"formula":"0","type":0,"variance":20},"description":"test","effects":[],"hitType":0,"iconIndex":188,"itypeId":1,"name":"パペット","note":"<cardCost:3>\n<cardHp:12>\n<cardAtk:3>\n<cardType:1>\n<cardElement:0>\n<cardRare:0>\n<unitSkill:3>\n<partySkill:4>\n<cardImage:card_54>","occasion":3,"price":0,"repeats":1,"scope":0,"speed":0,"successRate":100,"tpGain":0},
{"id":55,"animationId":0,"consumable":false,"damage":{"critical":false,"elementId":0,"formula":"0","type":0,"variance":20},"description":"test","effects":[],"hitType":0,"iconIndex":188,"itypeId":1,"name":"ラット","note":"<cardCost:3>\n<cardHp:12>\n<cardAtk:3>\n<cardType:1>\n<cardElement:0>\n<cardRare:0>\n<unitSkill:3>\n<partySkill:4>\n<cardImage:card_55>","occasion":3,"price":0,"repeats":1,"scope":0,"speed":0,"successRate":100,"tpGain":0},
{"id":56,"animationId":0,"consumable":false,"damage":{"critical":false,"elementId":0,"formula":"0","type":0,"variance":20},"description":"test","effects":[],"hitType":0,"iconIndex":188,"itypeId":1,"name":"ローグ","note":"<cardCost:3>\n<cardHp:12>\n<cardAtk:3>\n<cardType:1>\n<cardElement:0>\n<cardRare:0>\n<unitSkill:3>\n<partySkill:4>\n<cardImage:card_56>","occasion":3,"price":0,"repeats":1,"scope":0,"speed":0,"successRate":100,"tpGain":0},
{"id":57,"animationId":0,"consumable":false,"damage":{"critical":false,"elementId":0,"formula":"0","type":0,"variance":20},"description":"test","effects":[],"hitType":0,"iconIndex":188,"itypeId":1,"name":"サハギン","note":"<cardCost:3>\n<cardHp:12>\n<cardAtk:3>\n<cardType:1>\n<cardElement:0>\n<cardRare:0>\n<unitSkill:3>\n<partySkill:4>\n<cardImage:card_57>","occasion":3,"price":0,"repeats":1,"scope":0,"speed":0,"successRate":100,"tpGain":0},
{"id":58,"animationId":0,"consumable":false,"damage":{"critical":false,"elementId":0,"formula":"0","type":0,"variance":20},"description":"test","effects":[],"hitType":0,"iconIndex":188,"itypeId":1,"name":"スコーピオン","note":"<cardCost:3>\n<cardHp:12>\n<cardAtk:3>\n<cardType:1>\n<cardElement:0>\n<cardRare:0>\n<unitSkill:3>\n<partySkill:4>\n<cardImage:card_58>","occasion":3,"price":0,"repeats":1,"scope":0,"speed":0,"successRate":100,"tpGain":0},
{"id":59,"animationId":0,"consumable":false,"damage":{"critical":false,"elementId":0,"formula":"0","type":0,"variance":20},"description":"test","effects":[],"hitType":0,"iconIndex":188,"itypeId":1,"name":"スカルダンサー","note":"<cardCost:3>\n<cardHp:12>\n<cardAtk:3>\n<cardType:1>\n<cardElement:0>\n<cardRare:0>\n<unitSkill:3>\n<partySkill:4>\n<cardImage:card_59>","occasion":3,"price":0,"repeats":1,"scope":0,"speed":0,"successRate":100,"tpGain":0},
{"id":60,"animationId":0,"consumable":false,"damage":{"critical":false,"elementId":0,"formula":"0","type":0,"variance":20},"description":"test","effects":[],"hitType":0,"iconIndex":188,"itypeId":1,"name":"スライム","note":"<cardCost:3>\n<cardHp:12>\n<cardAtk:3>\n<cardType:1>\n<cardElement:0>\n<cardRare:0>\n<unitSkill:3>\n<partySkill:4>\n<cardImage:card_60>","occasion":3,"price":0,"repeats":1,"scope":0,"speed":0,"successRate":100,"tpGain":0},
{"id":61,"animationId":0,"consumable":false,"damage":{"critical":false,"elementId":0,"formula":"0","type":0,"variance":20},"description":"test","effects":[],"hitType":0,"iconIndex":188,"itypeId":1,"name":"スネーク","note":"<cardCost:3>\n<cardHp:12>\n<cardAtk:3>\n<cardType:1>\n<cardElement:0>\n<cardRare:0>\n<unitSkill:3>\n<partySkill:4>\n<cardImage:card_61>","occasion":3,"price":0,"repeats":1,"scope":0,"speed":0,"successRate":100,"tpGain":0},
{"id":62,"animationId":0,"consumable":false,"damage":{"critical":false,"elementId":0,"formula":"0","type":0,"variance":20},"description":"test","effects":[],"hitType":0,"iconIndex":188,"itypeId":1,"name":"ソルジャー","note":"<cardCost:3>\n<cardHp:12>\n<cardAtk:3>\n<cardType:1>\n<cardElement:0>\n<cardRare:0>\n<unitSkill:3>\n<partySkill:4>\n<cardImage:card_62>","occasion":3,"price":0,"repeats":1,"scope":0,"speed":0,"successRate":100,"tpGain":0},
{"id":63,"animationId":0,"consumable":false,"damage":{"critical":false,"elementId":0,"formula":"0","type":0,"variance":20},"description":"test","effects":[],"hitType":0,"iconIndex":188,"itypeId":1,"name":"スパイダー","note":"<cardCost:3>\n<cardHp:12>\n<cardAtk:3>\n<cardType:1>\n<cardElement:0>\n<cardRare:0>\n<unitSkill:3>\n<partySkill:4>\n<cardImage:card_63>","occasion":3,"price":0,"repeats":1,"scope":0,"speed":0,"successRate":100,"tpGain":0},
{"id":64,"animationId":0,"consumable":false,"damage":{"critical":false,"elementId":0,"formula":"0","type":0,"variance":20},"description":"test","effects":[],"hitType":0,"iconIndex":188,"itypeId":1,"name":"サキュバス","note":"<cardCost:3>\n<cardHp:12>\n<cardAtk:3>\n<cardType:1>\n<cardElement:0>\n<cardRare:0>\n<unitSkill:3>\n<partySkill:4>\n<cardImage:card_64>","occasion":3,"price":0,"repeats":1,"scope":0,"speed":0,"successRate":100,"tpGain":0},
{"id":65,"animationId":0,"consumable":false,"damage":{"critical":false,"elementId":0,"formula":"0","type":0,"variance":20},"description":"test","effects":[],"hitType":0,"iconIndex":188,"itypeId":1,"name":"ソードマン","note":"<cardCost:3>\n<cardHp:12>\n<cardAtk:3>\n<cardType:1>\n<cardElement:0>\n<cardRare:0>\n<unitSkill:3>\n<partySkill:4>\n<cardImage:card_65>","occasion":3,"price":0,"repeats":1,"scope":0,"speed":0,"successRate":100,"tpGain":0},
{"id":66,"animationId":0,"consumable":false,"damage":{"critical":false,"elementId":0,"formula":"0","type":0,"variance":20},"description":"test","effects":[],"hitType":0,"iconIndex":188,"itypeId":1,"name":"ヴァンパイア","note":"<cardCost:3>\n<cardHp:12>\n<cardAtk:3>\n<cardType:1>\n<cardElement:0>\n<cardRare:0>\n<unitSkill:3>\n<partySkill:4>\n<cardImage:card_66>","occasion":3,"price":0,"repeats":1,"scope":0,"speed":0,"successRate":100,"tpGain":0},
{"id":67,"animationId":0,"consumable":false,"damage":{"critical":false,"elementId":0,"formula":"0","type":0,"variance":20},"description":"test","effects":[],"hitType":0,"iconIndex":188,"itypeId":1,"name":"ウォータースピリット","note":"<cardCost:3>\n<cardHp:12>\n<cardAtk:3>\n<cardType:1>\n<cardElement:0>\n<cardRare:0>\n<unitSkill:3>\n<partySkill:4>\n<cardImage:card_67>","occasion":3,"price":0,"repeats":1,"scope":0,"speed":0,"successRate":100,"tpGain":0},
{"id":68,"animationId":0,"consumable":false,"damage":{"critical":false,"elementId":0,"formula":"0","type":0,"variance":20},"description":"test","effects":[],"hitType":0,"iconIndex":188,"itypeId":1,"name":"ウェアウルフ","note":"<cardCost:3>\n<cardHp:12>\n<cardAtk:3>\n<cardType:1>\n<cardElement:0>\n<cardRare:0>\n<unitSkill:3>\n<partySkill:4>\n<cardImage:card_68>","occasion":3,"price":0,"repeats":1,"scope":0,"speed":0,"successRate":100,"tpGain":0},
{"id":69,"animationId":0,"consumable":false,"damage":{"critical":false,"elementId":0,"formula":"0","type":0,"variance":20},"description":"test","effects":[],"hitType":0,"iconIndex":188,"itypeId":1,"name":"ウィルオウィスプ","note":"<cardCost:3>\n<cardHp:12>\n<cardAtk:3>\n<cardType:1>\n<cardElement:0>\n<cardRare:0>\n<unitSkill:3>\n<partySkill:4>\n<cardImage:card_69>","occasion":3,"price":0,"repeats":1,"scope":0,"speed":0,"successRate":100,"tpGain":0},
{"id":70,"animationId":0,"consumable":false,"damage":{"critical":false,"elementId":0,"formula":"0","type":0,"variance":20},"description":"test","effects":[],"hitType":0,"iconIndex":188,"itypeId":1,"name":"ウィンドスピリット","note":"<cardCost:3>\n<cardHp:12>\n<cardAtk:3>\n<cardType:1>\n<cardElement:0>\n<cardRare:0>\n<unitSkill:3>\n<partySkill:4>\n<cardImage:card_70>","occasion":3,"price":0,"repeats":1,"scope":0,"speed":0,"successRate":100,"tpGain":0},
{"id":71,"animationId":0,"consumable":false,"damage":{"critical":false,"elementId":0,"formula":"0","type":0,"variance":20},"description":"test","effects":[],"hitType":0,"iconIndex":188,"itypeId":1,"name":"食人鬼","note":"<cardCost:3>\n<cardHp:12>\n<cardAtk:3>\n<cardType:1>\n<cardElement:0>\n<cardRare:0>\n<unitSkill:3>\n<partySkill:4>\n<cardImage:card_71>","occasion":3,"price":0,"repeats":1,"scope":0,"speed":0,"successRate":100,"tpGain":0},
{"id":72,"animationId":0,"consumable":false,"damage":{"critical":false,"elementId":0,"formula":"0","type":0,"variance":20},"description":"test","effects":[],"hitType":0,"iconIndex":188,"itypeId":1,"name":"アボミネーション","note":"<cardCost:3>\n<cardHp:12>\n<cardAtk:3>\n<cardType:1>\n<cardElement:0>\n<cardRare:0>\n<unitSkill:3>\n<partySkill:4>\n<cardImage:card_72>","occasion":3,"price":0,"repeats":1,"scope":0,"speed":0,"successRate":100,"tpGain":0},
{"id":73,"animationId":0,"consumable":false,"damage":{"critical":false,"elementId":0,"formula":"0","type":0,"variance":20},"description":"test","effects":[],"hitType":0,"iconIndex":188,"itypeId":1,"name":"アークエンジェル","note":"<cardCost:3>\n<cardHp:12>\n<cardAtk:3>\n<cardType:1>\n<cardElement:0>\n<cardRare:0>\n<unitSkill:3>\n<partySkill:4>\n<cardImage:card_73>","occasion":3,"price":0,"repeats":1,"scope":0,"speed":0,"successRate":100,"tpGain":0},
{"id":74,"animationId":0,"consumable":false,"damage":{"critical":false,"elementId":0,"formula":"0","type":0,"variance":20},"description":"test","effects":[],"hitType":0,"iconIndex":188,"itypeId":1,"name":"アーミーソルジャー","note":"<cardCost:3>\n<cardHp:12>\n<cardAtk:3>\n<cardType:1>\n<cardElement:0>\n<cardRare:0>\n<unitSkill:3>\n<partySkill:4>\n<cardImage:card_74>","occasion":3,"price":0,"repeats":1,"scope":0,"speed":0,"successRate":100,"tpGain":0},
{"id":75,"animationId":0,"consumable":false,"damage":{"critical":false,"elementId":0,"formula":"0","type":0,"variance":20},"description":"test","effects":[],"hitType":0,"iconIndex":188,"itypeId":1,"name":"ボディーガード","note":"<cardCost:3>\n<cardHp:12>\n<cardAtk:3>\n<cardType:1>\n<cardElement:0>\n<cardRare:0>\n<unitSkill:3>\n<partySkill:4>\n<cardImage:card_75>","occasion":3,"price":0,"repeats":1,"scope":0,"speed":0,"successRate":100,"tpGain":0},
{"id":76,"animationId":0,"consumable":false,"damage":{"critical":false,"elementId":0,"formula":"0","type":0,"variance":20},"description":"test","effects":[],"hitType":0,"iconIndex":188,"itypeId":1,"name":"ボス","note":"<cardCost:3>\n<cardHp:12>\n<cardAtk:3>\n<cardType:1>\n<cardElement:0>\n<cardRare:0>\n<unitSkill:3>\n<partySkill:4>\n<cardImage:card_76>","occasion":3,"price":0,"repeats":1,"scope":0,"speed":0,"successRate":100,"tpGain":0},
{"id":77,"animationId":0,"consumable":false,"damage":{"critical":false,"elementId":0,"formula":"0","type":0,"variance":20},"description":"test","effects":[],"hitType":0,"iconIndex":188,"itypeId":1,"name":"ブッチャー","note":"<cardCost:3>\n<cardHp:12>\n<cardAtk:3>\n<cardType:1>\n<cardElement:0>\n<cardRare:0>\n<unitSkill:3>\n<partySkill:4>\n<cardImage:card_77>","occasion":3,"price":0,"repeats":1,"scope":0,"speed":0,"successRate":100,"tpGain":0},
{"id":78,"animationId":0,"consumable":false,"damage":{"critical":false,"elementId":0,"formula":"0","type":0,"variance":20},"description":"test","effects":[],"hitType":0,"iconIndex":188,"itypeId":1,"name":"白虎","note":"<cardCost:3>\n<cardHp:12>\n<cardAtk:3>\n<cardType:1>\n<cardElement:0>\n<cardRare:0>\n<unitSkill:3>\n<partySkill:4>\n<cardImage:card_78>","occasion":3,"price":0,"repeats":1,"scope":0,"speed":0,"successRate":100,"tpGain":0},
{"id":79,"animationId":0,"consumable":false,"damage":{"critical":false,"elementId":0,"formula":"0","type":0,"variance":20},"description":"test","effects":[],"hitType":0,"iconIndex":188,"itypeId":1,"name":"呪われた女","note":"<cardCost:3>\n<cardHp:12>\n<cardAtk:3>\n<cardType:1>\n<cardElement:0>\n<cardRare:0>\n<unitSkill:3>\n<partySkill:4>\n<cardImage:card_79>","occasion":3,"price":0,"repeats":1,"scope":0,"speed":0,"successRate":100,"tpGain":0},
{"id":80,"animationId":0,"consumable":false,"damage":{"critical":false,"elementId":0,"formula":"0","type":0,"variance":20},"description":"test","effects":[],"hitType":0,"iconIndex":188,"itypeId":1,"name":"魔王","note":"<cardCost:3>\n<cardHp:12>\n<cardAtk:3>\n<cardType:1>\n<cardElement:0>\n<cardRare:0>\n<unitSkill:3>\n<partySkill:4>\n<cardImage:card_80>","occasion":3,"price":0,"repeats":1,"scope":0,"speed":0,"successRate":100,"tpGain":0},
{"id":81,"animationId":0,"consumable":false,"damage":{"critical":false,"elementId":0,"formula":"0","type":0,"variance":20},"description":"test","effects":[],"hitType":0,"iconIndex":188,"itypeId":1,"name":"人形","note":"<cardCost:3>\n<cardHp:12>\n<cardAtk:3>\n<cardType:1>\n<cardElement:0>\n<cardRare:0>\n<unitSkill:3>\n<partySkill:4>\n<cardImage:card_81>","occasion":3,"price":0,"repeats":1,"scope":0,"speed":0,"successRate":100,"tpGain":0},
{"id":82,"animationId":0,"consumable":false,"damage":{"critical":false,"elementId":0,"formula":"0","type":0,"variance":20},"description":"test","effects":[],"hitType":0,"iconIndex":188,"itypeId":1,"name":"ドゥームスカル","note":"<cardCost:3>\n<cardHp:12>\n<cardAtk:3>\n<cardType:1>\n<cardElement:0>\n<cardRare:0>\n<unitSkill:3>\n<partySkill:4>\n<cardImage:card_82>","occasion":3,"price":0,"repeats":1,"scope":0,"speed":0,"successRate":100,"tpGain":0},
{"id":83,"animationId":0,"consumable":false,"damage":{"critical":false,"elementId":0,"formula":"0","type":0,"variance":20},"description":"test","effects":[],"hitType":0,"iconIndex":188,"itypeId":1,"name":"ドローン","note":"<cardCost:3>\n<cardHp:12>\n<cardAtk:3>\n<cardType:1>\n<cardElement:0>\n<cardRare:0>\n<unitSkill:3>\n<partySkill:4>\n<cardImage:card_83>","occasion":3,"price":0,"repeats":1,"scope":0,"speed":0,"successRate":100,"tpGain":0},
{"id":84,"animationId":0,"consumable":false,"damage":{"critical":false,"elementId":0,"formula":"0","type":0,"variance":20},"description":"test","effects":[],"hitType":0,"iconIndex":188,"itypeId":1,"name":"悪魔のおもちゃ","note":"<cardCost:3>\n<cardHp:12>\n<cardAtk:3>\n<cardType:1>\n<cardElement:0>\n<cardRare:0>\n<unitSkill:3>\n<partySkill:4>\n<cardImage:card_84>","occasion":3,"price":0,"repeats":1,"scope":0,"speed":0,"successRate":100,"tpGain":0},
{"id":85,"animationId":0,"consumable":false,"damage":{"critical":false,"elementId":0,"formula":"0","type":0,"variance":20},"description":"test","effects":[],"hitType":0,"iconIndex":188,"itypeId":1,"name":"堕天使","note":"<cardCost:3>\n<cardHp:12>\n<cardAtk:3>\n<cardType:1>\n<cardElement:0>\n<cardRare:0>\n<unitSkill:3>\n<partySkill:4>\n<cardImage:card_85>","occasion":3,"price":0,"repeats":1,"scope":0,"speed":0,"successRate":100,"tpGain":0},
{"id":86,"animationId":0,"consumable":false,"damage":{"critical":false,"elementId":0,"formula":"0","type":0,"variance":20},"description":"test","effects":[],"hitType":0,"iconIndex":188,"itypeId":1,"name":"玄武","note":"<cardCost:3>\n<cardHp:12>\n<cardAtk:3>\n<cardType:1>\n<cardElement:0>\n<cardRare:0>\n<unitSkill:3>\n<partySkill:4>\n<cardImage:card_86>","occasion":3,"price":0,"repeats":1,"scope":0,"speed":0,"successRate":100,"tpGain":0},
{"id":87,"animationId":0,"consumable":false,"damage":{"critical":false,"elementId":0,"formula":"0","type":0,"variance":20},"description":"test","effects":[],"hitType":0,"iconIndex":188,"itypeId":1,"name":"ゴスロリ","note":"<cardCost:3>\n<cardHp:12>\n<cardAtk:3>\n<cardType:1>\n<cardElement:0>\n<cardRare:0>\n<unitSkill:3>\n<partySkill:4>\n<cardImage:card_87>","occasion":3,"price":0,"repeats":1,"scope":0,"speed":0,"successRate":100,"tpGain":0},
{"id":88,"animationId":0,"consumable":false,"damage":{"critical":false,"elementId":0,"formula":"0","type":0,"variance":20},"description":"test","effects":[],"hitType":0,"iconIndex":188,"itypeId":1,"name":"イヌガミ","note":"<cardCost:3>\n<cardHp:12>\n<cardAtk:3>\n<cardType:1>\n<cardElement:0>\n<cardRare:0>\n<unitSkill:3>\n<partySkill:4>\n<cardImage:card_88>","occasion":3,"price":0,"repeats":1,"scope":0,"speed":0,"successRate":100,"tpGain":0},
{"id":89,"animationId":0,"consumable":false,"damage":{"critical":false,"elementId":0,"formula":"0","type":0,"variance":20},"description":"test","effects":[],"hitType":0,"iconIndex":188,"itypeId":1,"name":"キラーロボット","note":"<cardCost:3>\n<cardHp:12>\n<cardAtk:3>\n<cardType:1>\n<cardElement:0>\n<cardRare:0>\n<unitSkill:3>\n<partySkill:4>\n<cardImage:card_89>","occasion":3,"price":0,"repeats":1,"scope":0,"speed":0,"successRate":100,"tpGain":0},
{"id":90,"animationId":0,"consumable":false,"damage":{"critical":false,"elementId":0,"formula":"0","type":0,"variance":20},"description":"test","effects":[],"hitType":0,"iconIndex":188,"itypeId":1,"name":"マシーン","note":"<cardCost:3>\n<cardHp:12>\n<cardAtk:3>\n<cardType:1>\n<cardElement:0>\n<cardRare:0>\n<unitSkill:3>\n<partySkill:4>\n<cardImage:card_90>","occasion":3,"price":0,"repeats":1,"scope":0,"speed":0,"successRate":100,"tpGain":0},
{"id":91,"animationId":0,"consumable":false,"damage":{"critical":false,"elementId":0,"formula":"0","type":0,"variance":20},"description":"test","effects":[],"hitType":0,"iconIndex":188,"itypeId":1,"name":"マッドドクター","note":"<cardCost:3>\n<cardHp:12>\n<cardAtk:3>\n<cardType:1>\n<cardElement:0>\n<cardRare:0>\n<unitSkill:3>\n<partySkill:4>\n<cardImage:card_91>","occasion":3,"price":0,"repeats":1,"scope":0,"speed":0,"successRate":100,"tpGain":0},
{"id":92,"animationId":0,"consumable":false,"damage":{"critical":false,"elementId":0,"formula":"0","type":0,"variance":20},"description":"test","effects":[],"hitType":0,"iconIndex":188,"itypeId":1,"name":"メカスーツ","note":"<cardCost:3>\n<cardHp:12>\n<cardAtk:3>\n<cardType:1>\n<cardElement:0>\n<cardRare:0>\n<unitSkill:3>\n<partySkill:4>\n<cardImage:card_92>","occasion":3,"price":0,"repeats":1,"scope":0,"speed":0,"successRate":100,"tpGain":0},
{"id":93,"animationId":0,"consumable":false,"damage":{"critical":false,"elementId":0,"formula":"0","type":0,"variance":20},"description":"test","effects":[],"hitType":0,"iconIndex":188,"itypeId":1,"name":"ナース","note":"<cardCost:3>\n<cardHp:12>\n<cardAtk:3>\n<cardType:1>\n<cardElement:0>\n<cardRare:0>\n<unitSkill:3>\n<partySkill:4>\n<cardImage:card_93>","occasion":3,"price":0,"repeats":1,"scope":0,"speed":0,"successRate":100,"tpGain":0},
{"id":94,"animationId":0,"consumable":false,"damage":{"critical":false,"elementId":0,"formula":"0","type":0,"variance":20},"description":"test","effects":[],"hitType":0,"iconIndex":188,"itypeId":1,"name":"パラサイト","note":"<cardCost:3>\n<cardHp:12>\n<cardAtk:3>\n<cardType:1>\n<cardElement:0>\n<cardRare:0>\n<unitSkill:3>\n<partySkill:4>\n<cardImage:card_94>","occasion":3,"price":0,"repeats":1,"scope":0,"speed":0,"successRate":100,"tpGain":0},
{"id":95,"animationId":0,"consumable":false,"damage":{"critical":false,"elementId":0,"formula":"0","type":0,"variance":20},"description":"test","effects":[],"hitType":0,"iconIndex":188,"itypeId":1,"name":"悪魔神官","note":"<cardCost:3>\n<cardHp:12>\n<cardAtk:3>\n<cardType:1>\n<cardElement:0>\n<cardRare:0>\n<unitSkill:3>\n<partySkill:4>\n<cardImage:card_95>","occasion":3,"price":0,"repeats":1,"scope":0,"speed":0,"successRate":100,"tpGain":0},
{"id":96,"animationId":0,"consumable":false,"damage":{"critical":false,"elementId":0,"formula":"0","type":0,"variance":20},"description":"test","effects":[],"hitType":0,"iconIndex":188,"itypeId":1,"name":"青龍","note":"<cardCost:3>\n<cardHp:12>\n<cardAtk:3>\n<cardType:1>\n<cardElement:0>\n<cardRare:0>\n<unitSkill:3>\n<partySkill:4>\n<cardImage:card_96>","occasion":3,"price":0,"repeats":1,"scope":0,"speed":0,"successRate":100,"tpGain":0},
{"id":97,"animationId":0,"consumable":false,"damage":{"critical":false,"elementId":0,"formula":"0","type":0,"variance":20},"description":"test","effects":[],"hitType":0,"iconIndex":188,"itypeId":1,"name":"特殊部隊員","note":"<cardCost:3>\n<cardHp:12>\n<cardAtk:3>\n<cardType:1>\n<cardElement:0>\n<cardRare:0>\n<unitSkill:3>\n<partySkill:4>\n<cardImage:card_97>","occasion":3,"price":0,"repeats":1,"scope":0,"speed":0,"successRate":100,"tpGain":0},
{"id":98,"animationId":0,"consumable":false,"damage":{"critical":false,"elementId":0,"formula":"0","type":0,"variance":20},"description":"test","effects":[],"hitType":0,"iconIndex":188,"itypeId":1,"name":"さまよう魂","note":"<cardCost:3>\n<cardHp:12>\n<cardAtk:3>\n<cardType:1>\n<cardElement:0>\n<cardRare:0>\n<unitSkill:3>\n<partySkill:4>\n<cardImage:card_98>","occasion":3,"price":0,"repeats":1,"scope":0,"speed":0,"successRate":100,"tpGain":0},
{"id":99,"animationId":0,"consumable":false,"damage":{"critical":false,"elementId":0,"formula":"0","type":0,"variance":20},"description":"test","effects":[],"hitType":0,"iconIndex":188,"itypeId":1,"name":"朱雀","note":"<cardCost:3>\n<cardHp:12>\n<cardAtk:3>\n<cardType:1>\n<cardElement:0>\n<cardRare:0>\n<unitSkill:3>\n<partySkill:4>\n<cardImage:card_99>","occasion":3,"price":0,"repeats":1,"scope":0,"speed":0,"successRate":100,"tpGain":0},
{"id":100,"animationId":0,"consumable":false,"damage":{"critical":false,"elementId":0,"formula":"0","type":0,"variance":20},"description":"test","effects":[],"hitType":0,"iconIndex":188,"itypeId":1,"name":"スイートロリータ","note":"<cardCost:3>\n<cardHp:12>\n<cardAtk:3>\n<cardType:1>\n<cardElement:0>\n<cardRare:0>\n<unitSkill:3>\n<partySkill:4>\n<cardImage:card_100>","occasion":3,"price":0,"repeats":1,"scope":0,"speed":0,"successRate":100,"tpGain":0},
{"id":101,"animationId":0,"consumable":false,"damage":{"critical":false,"elementId":0,"formula":"0","type":0,"variance":20},"description":"test","effects":[],"hitType":0,"iconIndex":188,"itypeId":1,"name":"テディベア","note":"<cardCost:3>\n<cardHp:12>\n<cardAtk:3>\n<cardType:1>\n<cardElement:0>\n<cardRare:0>\n<unitSkill:3>\n<partySkill:4>\n<cardImage:card_101>","occasion":3,"price":0,"repeats":1,"scope":0,"speed":0,"successRate":100,"tpGain":0},
{"id":102,"animationId":0,"consumable":false,"damage":{"critical":false,"elementId":0,"formula":"0","type":0,"variance":20},"description":"test","effects":[],"hitType":0,"iconIndex":188,"itypeId":1,"name":"天狗","note":"<cardCost:3>\n<cardHp:12>\n<cardAtk:3>\n<cardType:1>\n<cardElement:0>\n<cardRare:0>\n<unitSkill:3>\n<partySkill:4>\n<cardImage:card_102>","occasion":3,"price":0,"repeats":1,"scope":0,"speed":0,"successRate":100,"tpGain":0},
{"id":103,"animationId":0,"consumable":false,"damage":{"critical":false,"elementId":0,"formula":"0","type":0,"variance":20},"description":"test","effects":[],"hitType":0,"iconIndex":188,"itypeId":1,"name":"チンピラ","note":"<cardCost:3>\n<cardHp:12>\n<cardAtk:3>\n<cardType:1>\n<cardElement:0>\n<cardRare:0>\n<unitSkill:3>\n<partySkill:4>\n<cardImage:card_103>","occasion":3,"price":0,"repeats":1,"scope":0,"speed":0,"successRate":100,"tpGain":0},
{"id":104,"animationId":0,"consumable":false,"damage":{"critical":false,"elementId":0,"formula":"0","type":0,"variance":20},"description":"test","effects":[],"hitType":0,"iconIndex":188,"itypeId":1,"name":"落ち武者","note":"<cardCost:3>\n<cardHp:12>\n<cardAtk:3>\n<cardType:1>\n<cardElement:0>\n<cardRare:0>\n<unitSkill:3>\n<partySkill:4>\n<cardImage:card_104>","occasion":3,"price":0,"repeats":1,"scope":0,"speed":0,"successRate":100,"tpGain":0},
{"id":105,"animationId":0,"consumable":false,"damage":{"critical":false,"elementId":0,"formula":"0","type":0,"variance":20},"description":"test","effects":[],"hitType":0,"iconIndex":188,"itypeId":1,"name":"ヤクザ","note":"<cardCost:3>\n<cardHp:12>\n<cardAtk:3>\n<cardType:1>\n<cardElement:0>\n<cardRare:0>\n<unitSkill:3>\n<partySkill:4>\n<cardImage:card_105>","occasion":3,"price":0,"repeats":1,"scope":0,"speed":0,"successRate":100,"tpGain":0},
{"id":106,"animationId":0,"consumable":false,"damage":{"critical":false,"elementId":0,"formula":"0","type":0,"variance":20},"description":"test","effects":[],"hitType":0,"iconIndex":188,"itypeId":1,"name":"ゾンビー","note":"<cardCost:3>\n<cardHp:12>\n<cardAtk:3>\n<cardType:1>\n<cardElement:0>\n<cardRare:0>\n<unitSkill:213>\n<partySkill:214>\n<cardImage:card_106>","occasion":3,"price":0,"repeats":1,"scope":0,"speed":0,"successRate":100,"tpGain":0},
{"id":107,"animationId":0,"consumable":true,"damage":{"critical":false,"elementId":0,"formula":"0","type":0,"variance":20},"description":"","effects":[],"hitType":0,"iconIndex":0,"itypeId":1,"name":"","note":"","occasion":0,"price":0,"repeats":1,"scope":7,"speed":0,"successRate":100,"tpGain":0},
{"id":108,"animationId":0,"consumable":true,"damage":{"critical":false,"elementId":0,"formula":"0","type":0,"variance":20},"description":"","effects":[],"hitType":0,"iconIndex":0,"itypeId":1,"name":"","note":"","occasion":0,"price":0,"repeats":1,"scope":7,"speed":0,"successRate":100,"tpGain":0},
{"id":109,"animationId":0,"consumable":true,"damage":{"critical":false,"elementId":0,"formula":"0","type":0,"variance":20},"description":"","effects":[],"hitType":0,"iconIndex":0,"itypeId":1,"name":"","note":"","occasion":0,"price":0,"repeats":1,"scope":7,"speed":0,"successRate":100,"tpGain":0},
{"id":110,"animationId":0,"consumable":true,"damage":{"critical":false,"elementId":0,"formula":"0","type":0,"variance":20},"description":"","effects":[],"hitType":0,"iconIndex":0,"itypeId":1,"name":"","note":"","occasion":0,"price":0,"repeats":1,"scope":7,"speed":0,"successRate":100,"tpGain":0},
{"id":111,"animationId":0,"consumable":true,"damage":{"critical":false,"elementId":0,"formula":"0","type":0,"variance":20},"description":"","effects":[],"hitType":0,"iconIndex":0,"itypeId":1,"name":"","note":"","occasion":0,"price":0,"repeats":1,"scope":7,"speed":0,"successRate":100,"tpGain":0},
{"id":112,"animationId":0,"consumable":true,"damage":{"critical":false,"elementId":0,"formula":"0","type":0,"variance":20},"description":"","effects":[],"hitType":0,"iconIndex":0,"itypeId":1,"name":"","note":"","occasion":0,"price":0,"repeats":1,"scope":7,"speed":0,"successRate":100,"tpGain":0},
{"id":113,"animationId":0,"consumable":true,"damage":{"critical":false,"elementId":0,"formula":"0","type":0,"variance":20},"description":"","effects":[],"hitType":0,"iconIndex":0,"itypeId":1,"name":"","note":"","occasion":0,"price":0,"repeats":1,"scope":7,"speed":0,"successRate":100,"tpGain":0},
{"id":114,"animationId":0,"consumable":true,"damage":{"critical":false,"elementId":0,"formula":"0","type":0,"variance":20},"description":"","effects":[],"hitType":0,"iconIndex":0,"itypeId":1,"name":"","note":"","occasion":0,"price":0,"repeats":1,"scope":7,"speed":0,"successRate":100,"tpGain":0},
{"id":115,"animationId":0,"consumable":true,"damage":{"critical":false,"elementId":0,"formula":"0","type":0,"variance":20},"description":"","effects":[],"hitType":0,"iconIndex":0,"itypeId":1,"name":"","note":"","occasion":0,"price":0,"repeats":1,"scope":7,"speed":0,"successRate":100,"tpGain":0},
{"id":116,"animationId":0,"consumable":true,"damage":{"critical":false,"elementId":0,"formula":"0","type":0,"variance":20},"description":"","effects":[],"hitType":0,"iconIndex":0,"itypeId":1,"name":"","note":"","occasion":0,"price":0,"repeats":1,"scope":7,"speed":0,"successRate":100,"tpGain":0},
{"id":117,"animationId":0,"consumable":true,"damage":{"critical":false,"elementId":0,"formula":"0","type":0,"variance":20},"description":"","effects":[],"hitType":0,"iconIndex":0,"itypeId":1,"name":"","note":"","occasion":0,"price":0,"repeats":1,"scope":7,"speed":0,"successRate":100,"tpGain":0},
{"id":118,"animationId":0,"consumable":true,"damage":{"critical":false,"elementId":0,"formula":"0","type":0,"variance":20},"description":"","effects":[],"hitType":0,"iconIndex":0,"itypeId":1,"name":"","note":"","occasion":0,"price":0,"repeats":1,"scope":7,"speed":0,"successRate":100,"tpGain":0},
{"id":119,"animationId":0,"consumable":true,"damage":{"critical":false,"elementId":0,"formula":"0","type":0,"variance":20},"description":"","effects":[],"hitType":0,"iconIndex":0,"itypeId":1,"name":"","note":"","occasion":0,"price":0,"repeats":1,"scope":7,"speed":0,"successRate":100,"tpGain":0},
{"id":120,"animationId":0,"consumable":true,"damage":{"critical":false,"elementId":0,"formula":"0","type":0,"variance":20},"description":"","effects":[],"hitType":0,"iconIndex":0,"itypeId":1,"name":"","note":"","occasion":0,"price":0,"repeats":1,"scope":7,"speed":0,"successRate":100,"tpGain":0},
{"id":121,"animationId":0,"consumable":true,"damage":{"critical":false,"elementId":0,"formula":"0","type":0,"variance":20},"description":"","effects":[],"hitType":0,"iconIndex":0,"itypeId":1,"name":"","note":"","occasion":0,"price":0,"repeats":1,"scope":7,"speed":0,"successRate":100,"tpGain":0},
{"id":122,"animationId":0,"consumable":true,"damage":{"critical":false,"elementId":0,"formula":"0","type":0,"variance":20},"description":"","effects":[],"hitType":0,"iconIndex":0,"itypeId":1,"name":"","note":"","occasion":0,"price":0,"repeats":1,"scope":7,"speed":0,"successRate":100,"tpGain":0},
{"id":123,"animationId":0,"consumable":true,"damage":{"critical":false,"elementId":0,"formula":"0","type":0,"variance":20},"description":"","effects":[],"hitType":0,"iconIndex":0,"itypeId":1,"name":"","note":"","occasion":0,"price":0,"repeats":1,"scope":7,"speed":0,"successRate":100,"tpGain":0},
{"id":124,"animationId":0,"consumable":true,"damage":{"critical":false,"elementId":0,"formula":"0","type":0,"variance":20},"description":"","effects":[],"hitType":0,"iconIndex":0,"itypeId":1,"name":"","note":"","occasion":0,"price":0,"repeats":1,"scope":7,"speed":0,"successRate":100,"tpGain":0},
{"id":125,"animationId":0,"consumable":true,"damage":{"critical":false,"elementId":0,"formula":"0","type":0,"variance":20},"description":"","effects":[],"hitType":0,"iconIndex":0,"itypeId":1,"name":"","note":"","occasion":0,"price":0,"repeats":1,"scope":7,"speed":0,"successRate":100,"tpGain":0},
{"id":126,"animationId":0,"consumable":true,"damage":{"critical":false,"elementId":0,"formula":"0","type":0,"variance":20},"description":"","effects":[],"hitType":0,"iconIndex":0,"itypeId":1,"name":"","note":"","occasion":0,"price":0,"repeats":1,"scope":7,"speed":0,"successRate":100,"tpGain":0},
{"id":127,"animationId":0,"consumable":true,"damage":{"critical":false,"elementId":0,"formula":"0","type":0,"variance":20},"description":"","effects":[],"hitType":0,"iconIndex":0,"itypeId":1,"name":"","note":"","occasion":0,"price":0,"repeats":1,"scope":7,"speed":0,"successRate":100,"tpGain":0},
{"id":128,"animationId":0,"consumable":true,"damage":{"critical":false,"elementId":0,"formula":"0","type":0,"variance":20},"description":"","effects":[],"hitType":0,"iconIndex":0,"itypeId":1,"name":"","note":"","occasion":0,"price":0,"repeats":1,"scope":7,"speed":0,"successRate":100,"tpGain":0},
{"id":129,"animationId":0,"consumable":true,"damage":{"critical":false,"elementId":0,"formula":"0","type":0,"variance":20},"description":"","effects":[],"hitType":0,"iconIndex":0,"itypeId":1,"name":"","note":"","occasion":0,"price":0,"repeats":1,"scope":7,"speed":0,"successRate":100,"tpGain":0},
{"id":130,"animationId":0,"consumable":true,"damage":{"critical":false,"elementId":0,"formula":"0","type":0,"variance":20},"description":"","effects":[],"hitType":0,"iconIndex":0,"itypeId":1,"name":"","note":"","occasion":0,"price":0,"repeats":1,"scope":7,"speed":0,"successRate":100,"tpGain":0},
{"id":131,"animationId":0,"consumable":true,"damage":{"critical":false,"elementId":0,"formula":"0","type":0,"variance":20},"description":"","effects":[],"hitType":0,"iconIndex":0,"itypeId":1,"name":"","note":"","occasion":0,"price":0,"repeats":1,"scope":7,"speed":0,"successRate":100,"tpGain":0},
{"id":132,"animationId":0,"consumable":true,"damage":{"critical":false,"elementId":0,"formula":"0","type":0,"variance":20},"description":"","effects":[],"hitType":0,"iconIndex":0,"itypeId":1,"name":"","note":"","occasion":0,"price":0,"repeats":1,"scope":7,"speed":0,"successRate":100,"tpGain":0},
{"id":133,"animationId":0,"consumable":true,"damage":{"critical":false,"elementId":0,"formula":"0","type":0,"variance":20},"description":"","effects":[],"hitType":0,"iconIndex":0,"itypeId":1,"name":"","note":"","occasion":0,"price":0,"repeats":1,"scope":7,"speed":0,"successRate":100,"tpGain":0},
{"id":134,"animationId":0,"consumable":true,"damage":{"critical":false,"elementId":0,"formula":"0","type":0,"variance":20},"description":"","effects":[],"hitType":0,"iconIndex":0,"itypeId":1,"name":"","note":"","occasion":0,"price":0,"repeats":1,"scope":7,"speed":0,"successRate":100,"tpGain":0},
{"id":135,"animationId":0,"consumable":true,"damage":{"critical":false,"elementId":0,"formula":"0","type":0,"variance":20},"description":"","effects":[],"hitType":0,"iconIndex":0,"itypeId":1,"name":"","note":"","occasion":0,"price":0,"repeats":1,"scope":7,"speed":0,"successRate":100,"tpGain":0},
{"id":136,"animationId":0,"consumable":true,"damage":{"critical":false,"elementId":0,"formula":"0","type":0,"variance":20},"description":"","effects":[],"hitType":0,"iconIndex":0,"itypeId":1,"name":"","note":"","occasion":0,"price":0,"repeats":1,"scope":7,"speed":0,"successRate":100,"tpGain":0},
{"id":137,"animationId":0,"consumable":true,"damage":{"critical":false,"elementId":0,"formula":"0","type":0,"variance":20},"description":"","effects":[],"hitType":0,"iconIndex":0,"itypeId":1,"name":"","note":"","occasion":0,"price":0,"repeats":1,"scope":7,"speed":0,"successRate":100,"tpGain":0},
{"id":138,"animationId":0,"consumable":true,"damage":{"critical":false,"elementId":0,"formula":"0","type":0,"variance":20},"description":"","effects":[],"hitType":0,"iconIndex":0,"itypeId":1,"name":"","note":"","occasion":0,"price":0,"repeats":1,"scope":7,"speed":0,"successRate":100,"tpGain":0},
{"id":139,"animationId":0,"consumable":true,"damage":{"critical":false,"elementId":0,"formula":"0","type":0,"variance":20},"description":"","effects":[],"hitType":0,"iconIndex":0,"itypeId":1,"name":"","note":"","occasion":0,"price":0,"repeats":1,"scope":7,"speed":0,"successRate":100,"tpGain":0},
{"id":140,"animationId":0,"consumable":true,"damage":{"critical":false,"elementId":0,"formula":"0","type":0,"variance":20},"description":"","effects":[],"hitType":0,"iconIndex":0,"itypeId":1,"name":"","note":"","occasion":0,"price":0,"repeats":1,"scope":7,"speed":0,"successRate":100,"tpGain":0},
{"id":141,"animationId":0,"consumable":true,"damage":{"critical":false,"elementId":0,"formula":"0","type":0,"variance":20},"description":"","effects":[],"hitType":0,"iconIndex":0,"itypeId":1,"name":"","note":"","occasion":0,"price":0,"repeats":1,"scope":7,"speed":0,"successRate":100,"tpGain":0},
{"id":142,"animationId":0,"consumable":true,"damage":{"critical":false,"elementId":0,"formula":"0","type":0,"variance":20},"description":"","effects":[],"hitType":0,"iconIndex":0,"itypeId":1,"name":"","note":"","occasion":0,"price":0,"repeats":1,"scope":7,"speed":0,"successRate":100,"tpGain":0},
{"id":143,"animationId":0,"consumable":true,"damage":{"critical":false,"elementId":0,"formula":"0","type":0,"variance":20},"description":"","effects":[],"hitType":0,"iconIndex":0,"itypeId":1,"name":"","note":"","occasion":0,"price":0,"repeats":1,"scope":7,"speed":0,"successRate":100,"tpGain":0},
{"id":144,"animationId":0,"consumable":true,"damage":{"critical":false,"elementId":0,"formula":"0","type":0,"variance":20},"description":"","effects":[],"hitType":0,"iconIndex":0,"itypeId":1,"name":"","note":"","occasion":0,"price":0,"repeats":1,"scope":7,"speed":0,"successRate":100,"tpGain":0},
{"id":145,"animationId":0,"consumable":true,"damage":{"critical":false,"elementId":0,"formula":"0","type":0,"variance":20},"description":"","effects":[],"hitType":0,"iconIndex":0,"itypeId":1,"name":"","note":"","occasion":0,"price":0,"repeats":1,"scope":7,"speed":0,"successRate":100,"tpGain":0},
{"id":146,"animationId":0,"consumable":true,"damage":{"critical":false,"elementId":0,"formula":"0","type":0,"variance":20},"description":"","effects":[],"hitType":0,"iconIndex":0,"itypeId":1,"name":"","note":"","occasion":0,"price":0,"repeats":1,"scope":7,"speed":0,"successRate":100,"tpGain":0},
{"id":147,"animationId":0,"consumable":true,"damage":{"critical":false,"elementId":0,"formula":"0","type":0,"variance":20},"description":"","effects":[],"hitType":0,"iconIndex":0,"itypeId":1,"name":"","note":"","occasion":0,"price":0,"repeats":1,"scope":7,"speed":0,"successRate":100,"tpGain":0},
{"id":148,"animationId":0,"consumable":true,"damage":{"critical":false,"elementId":0,"formula":"0","type":0,"variance":20},"description":"","effects":[],"hitType":0,"iconIndex":0,"itypeId":1,"name":"","note":"","occasion":0,"price":0,"repeats":1,"scope":7,"speed":0,"successRate":100,"tpGain":0},
{"id":149,"animationId":0,"consumable":true,"damage":{"critical":false,"elementId":0,"formula":"0","type":0,"variance":20},"description":"","effects":[],"hitType":0,"iconIndex":0,"itypeId":1,"name":"","note":"","occasion":0,"price":0,"repeats":1,"scope":7,"speed":0,"successRate":100,"tpGain":0},
{"id":150,"animationId":0,"consumable":true,"damage":{"critical":false,"elementId":0,"formula":"0","type":0,"variance":20},"description":"","effects":[],"hitType":0,"iconIndex":0,"itypeId":1,"name":"","note":"","occasion":0,"price":0,"repeats":1,"scope":7,"speed":0,"successRate":100,"tpGain":0},
{"id":151,"animationId":0,"consumable":false,"damage":{"critical":false,"elementId":0,"formula":"0","type":0,"variance":20},"description":"test","effects":[],"hitType":0,"iconIndex":188,"itypeId":1,"name":"鏡","note":"<cardCost:1>\n<cardHp:3>\n<cardType:4>\n<cardRare:0>\n<unitSkill:303>\n<partySkill:304>\n<cardImage:card_i1>","occasion":3,"price":0,"repeats":1,"scope":0,"speed":0,"successRate":100,"tpGain":0},
{"id":152,"animationId":0,"consumable":false,"damage":{"critical":false,"elementId":0,"formula":"0","type":0,"variance":20},"description":"test","effects":[],"hitType":0,"iconIndex":188,"itypeId":1,"name":"かけ時計","note":"<cardCost:1>\n<cardHp:3>\n<cardType:4>\n<cardRare:0>\n<unitSkill:303>\n<partySkill:304>\n<cardImage:card_i2>","occasion":3,"price":0,"repeats":1,"scope":0,"speed":0,"successRate":100,"tpGain":0},
{"id":153,"animationId":0,"consumable":false,"damage":{"critical":false,"elementId":0,"formula":"0","type":0,"variance":20},"description":"test","effects":[],"hitType":0,"iconIndex":188,"itypeId":1,"name":"玉座","note":"<cardCost:1>\n<cardHp:3>\n<cardType:4>\n<cardRare:0>\n<unitSkill:303>\n<partySkill:304>\n<cardImage:card_i3>","occasion":3,"price":0,"repeats":1,"scope":0,"speed":0,"successRate":100,"tpGain":0},
{"id":154,"animationId":0,"consumable":false,"damage":{"critical":false,"elementId":0,"formula":"0","type":0,"variance":20},"description":"test","effects":[],"hitType":0,"iconIndex":188,"itypeId":1,"name":"世界地図","note":"<cardCost:1>\n<cardHp:3>\n<cardType:4>\n<cardRare:0>\n<unitSkill:303>\n<partySkill:304>\n<cardImage:card_i4>","occasion":3,"price":0,"repeats":1,"scope":0,"speed":0,"successRate":100,"tpGain":0},
{"id":155,"animationId":0,"consumable":false,"damage":{"critical":false,"elementId":0,"formula":"0","type":0,"variance":20},"description":"test","effects":[],"hitType":0,"iconIndex":188,"itypeId":1,"name":"ツボ","note":"<cardCost:1>\n<cardHp:3>\n<cardType:4>\n<cardRare:0>\n<unitSkill:303>\n<partySkill:304>\n<cardImage:card_i5>","occasion":3,"price":0,"repeats":1,"scope":0,"speed":0,"successRate":100,"tpGain":0},
{"id":156,"animationId":0,"consumable":false,"damage":{"critical":false,"elementId":0,"formula":"0","type":0,"variance":20},"description":"test","effects":[],"hitType":0,"iconIndex":188,"itypeId":1,"name":"たる","note":"<cardCost:1>\n<cardHp:3>\n<cardType:4>\n<cardRare:0>\n<unitSkill:303>\n<partySkill:304>\n<cardImage:card_i6>","occasion":3,"price":0,"repeats":1,"scope":0,"speed":0,"successRate":100,"tpGain":0},
{"id":157,"animationId":0,"consumable":false,"damage":{"critical":false,"elementId":0,"formula":"0","type":0,"variance":20},"description":"test","effects":[],"hitType":0,"iconIndex":188,"itypeId":1,"name":"水桶","note":"<cardCost:1>\n<cardHp:3>\n<cardType:4>\n<cardRare:0>\n<unitSkill:303>\n<partySkill:304>\n<cardImage:card_i7>","occasion":3,"price":0,"repeats":1,"scope":0,"speed":0,"successRate":100,"tpGain":0},
{"id":158,"animationId":0,"consumable":false,"damage":{"critical":false,"elementId":0,"formula":"0","type":0,"variance":20},"description":"test","effects":[],"hitType":0,"iconIndex":188,"itypeId":1,"name":"水晶玉","note":"<cardCost:1>\n<cardHp:3>\n<cardType:4>\n<cardRare:0>\n<unitSkill:303>\n<partySkill:304>\n<cardImage:card_i8>","occasion":3,"price":0,"repeats":1,"scope":0,"speed":0,"successRate":100,"tpGain":0},
{"id":159,"animationId":0,"consumable":false,"damage":{"critical":false,"elementId":0,"formula":"0","type":0,"variance":20},"description":"test","effects":[],"hitType":0,"iconIndex":188,"itypeId":1,"name":"ベッド","note":"<cardCost:1>\n<cardHp:3>\n<cardType:4>\n<cardRare:0>\n<unitSkill:303>\n<partySkill:304>\n<cardImage:card_i9>","occasion":3,"price":0,"repeats":1,"scope":0,"speed":0,"successRate":100,"tpGain":0},
{"id":160,"animationId":0,"consumable":false,"damage":{"critical":false,"elementId":0,"formula":"0","type":0,"variance":20},"description":"test","effects":[],"hitType":0,"iconIndex":188,"itypeId":1,"name":"化粧台","note":"<cardCost:1>\n<cardHp:3>\n<cardType:4>\n<cardRare:0>\n<unitSkill:303>\n<partySkill:304>\n<cardImage:card_i10>","occasion":3,"price":0,"repeats":1,"scope":0,"speed":0,"successRate":100,"tpGain":0},
{"id":161,"animationId":0,"consumable":false,"damage":{"critical":false,"elementId":0,"formula":"0","type":0,"variance":20},"description":"test","effects":[],"hitType":0,"iconIndex":188,"itypeId":1,"name":"本棚","note":"<cardCost:1>\n<cardHp:3>\n<cardType:4>\n<cardRare:0>\n<unitSkill:303>\n<partySkill:304>\n<cardImage:card_i11>","occasion":3,"price":0,"repeats":1,"scope":0,"speed":0,"successRate":100,"tpGain":0},
{"id":162,"animationId":0,"consumable":false,"damage":{"critical":false,"elementId":0,"formula":"0","type":0,"variance":20},"description":"test","effects":[],"hitType":0,"iconIndex":188,"itypeId":1,"name":"盾","note":"<cardCost:1>\n<cardHp:3>\n<cardType:4>\n<cardRare:0>\n<unitSkill:303>\n<partySkill:304>\n<cardImage:card_i12>","occasion":3,"price":0,"repeats":1,"scope":0,"speed":0,"successRate":100,"tpGain":0},
{"id":163,"animationId":0,"consumable":false,"damage":{"critical":false,"elementId":0,"formula":"0","type":0,"variance":20},"description":"test","effects":[],"hitType":0,"iconIndex":188,"itypeId":1,"name":"にんじん","note":"<cardCost:1>\n<cardHp:3>\n<cardType:4>\n<cardRare:0>\n<unitSkill:303>\n<partySkill:304>\n<cardImage:card_i13>","occasion":3,"price":0,"repeats":1,"scope":0,"speed":0,"successRate":100,"tpGain":0},
{"id":164,"animationId":0,"consumable":false,"damage":{"critical":false,"elementId":0,"formula":"0","type":0,"variance":20},"description":"test","effects":[],"hitType":0,"iconIndex":188,"itypeId":1,"name":"張り紙","note":"<cardCost:1>\n<cardHp:3>\n<cardType:4>\n<cardRare:0>\n<unitSkill:303>\n<partySkill:304>\n<cardImage:card_i14>","occasion":3,"price":0,"repeats":1,"scope":0,"speed":0,"successRate":100,"tpGain":0},
{"id":165,"animationId":0,"consumable":false,"damage":{"critical":false,"elementId":0,"formula":"0","type":0,"variance":20},"description":"test","effects":[],"hitType":0,"iconIndex":188,"itypeId":1,"name":"ブタの丸焼き","note":"<cardCost:1>\n<cardHp:3>\n<cardType:4>\n<cardRare:0>\n<unitSkill:303>\n<partySkill:304>\n<cardImage:card_i15>","occasion":3,"price":0,"repeats":1,"scope":0,"speed":0,"successRate":100,"tpGain":0},
{"id":166,"animationId":0,"consumable":false,"damage":{"critical":false,"elementId":0,"formula":"0","type":0,"variance":20},"description":"test","effects":[],"hitType":0,"iconIndex":188,"itypeId":1,"name":"フルーツの盛り合わせ","note":"<cardCost:1>\n<cardHp:3>\n<cardType:4>\n<cardRare:0>\n<unitSkill:303>\n<partySkill:304>\n<cardImage:card_i16>","occasion":3,"price":0,"repeats":1,"scope":0,"speed":0,"successRate":100,"tpGain":0},
{"id":167,"animationId":0,"consumable":false,"damage":{"critical":false,"elementId":0,"formula":"0","type":0,"variance":20},"description":"test","effects":[],"hitType":0,"iconIndex":188,"itypeId":1,"name":"調理器具","note":"<cardCost:1>\n<cardHp:3>\n<cardType:4>\n<cardRare:0>\n<unitSkill:303>\n<partySkill:304>\n<cardImage:card_i17>","occasion":3,"price":0,"repeats":1,"scope":0,"speed":0,"successRate":100,"tpGain":0},
{"id":168,"animationId":0,"consumable":false,"damage":{"critical":false,"elementId":0,"formula":"0","type":0,"variance":20},"description":"test","effects":[],"hitType":0,"iconIndex":188,"itypeId":1,"name":"酒","note":"<cardCost:1>\n<cardHp:3>\n<cardType:4>\n<cardRare:0>\n<unitSkill:303>\n<partySkill:304>\n<cardImage:card_i18>","occasion":3,"price":0,"repeats":1,"scope":0,"speed":0,"successRate":100,"tpGain":0},
{"id":169,"animationId":0,"consumable":false,"damage":{"critical":false,"elementId":0,"formula":"0","type":0,"variance":20},"description":"test","effects":[],"hitType":0,"iconIndex":188,"itypeId":1,"name":"冒険の書","note":"<cardCost:1>\n<cardHp:3>\n<cardType:4>\n<cardRare:0>\n<unitSkill:303>\n<partySkill:304>\n<cardImage:card_i19>","occasion":3,"price":0,"repeats":1,"scope":0,"speed":0,"successRate":100,"tpGain":0},
{"id":170,"animationId":0,"consumable":false,"damage":{"critical":false,"elementId":0,"formula":"0","type":0,"variance":20},"description":"test","effects":[],"hitType":0,"iconIndex":188,"itypeId":1,"name":"聖水","note":"<cardCost:1>\n<cardHp:3>\n<cardType:4>\n<cardRare:0>\n<unitSkill:303>\n<partySkill:304>\n<cardImage:card_i20>","occasion":3,"price":0,"repeats":1,"scope":0,"speed":0,"successRate":100,"tpGain":0},
{"id":171,"animationId":0,"consumable":false,"damage":{"critical":false,"elementId":0,"formula":"0","type":0,"variance":20},"description":"test","effects":[],"hitType":0,"iconIndex":188,"itypeId":1,"name":"金塊","note":"<cardCost:1>\n<cardHp:3>\n<cardType:4>\n<cardRare:0>\n<unitSkill:303>\n<partySkill:304>\n<cardImage:card_i21>","occasion":3,"price":0,"repeats":1,"scope":0,"speed":0,"successRate":100,"tpGain":0},
{"id":172,"animationId":0,"consumable":false,"damage":{"critical":false,"elementId":0,"formula":"0","type":0,"variance":20},"description":"test","effects":[],"hitType":0,"iconIndex":188,"itypeId":1,"name":"クマの人形","note":"<cardCost:1>\n<cardHp:3>\n<cardType:4>\n<cardRare:0>\n<unitSkill:303>\n<partySkill:304>\n<cardImage:card_i22>","occasion":3,"price":0,"repeats":1,"scope":0,"speed":0,"successRate":100,"tpGain":0},
{"id":173,"animationId":0,"consumable":false,"damage":{"critical":false,"elementId":0,"formula":"0","type":0,"variance":20},"description":"test","effects":[],"hitType":0,"iconIndex":188,"itypeId":1,"name":"少女の人形","note":"<cardCost:1>\n<cardHp:3>\n<cardType:4>\n<cardRare:0>\n<unitSkill:303>\n<partySkill:304>\n<cardImage:card_i23>","occasion":3,"price":0,"repeats":1,"scope":0,"speed":0,"successRate":100,"tpGain":0},
{"id":174,"animationId":0,"consumable":false,"damage":{"critical":false,"elementId":0,"formula":"0","type":0,"variance":20},"description":"test","effects":[],"hitType":0,"iconIndex":188,"itypeId":1,"name":"スコップ","note":"<cardCost:1>\n<cardHp:3>\n<cardType:4>\n<cardRare:0>\n<unitSkill:303>\n<partySkill:304>\n<cardImage:card_i24>","occasion":3,"price":0,"repeats":1,"scope":0,"speed":0,"successRate":100,"tpGain":0},
{"id":175,"animationId":0,"consumable":false,"damage":{"critical":false,"elementId":0,"formula":"0","type":0,"variance":20},"description":"test","effects":[],"hitType":0,"iconIndex":188,"itypeId":1,"name":"つるはし","note":"<cardCost:1>\n<cardHp:3>\n<cardType:4>\n<cardRare:0>\n<unitSkill:303>\n<partySkill:304>\n<cardImage:card_i25>","occasion":3,"price":0,"repeats":1,"scope":0,"speed":0,"successRate":100,"tpGain":0},
{"id":176,"animationId":0,"consumable":false,"damage":{"critical":false,"elementId":0,"formula":"0","type":0,"variance":20},"description":"test","effects":[],"hitType":0,"iconIndex":188,"itypeId":1,"name":"ペンダント","note":"<cardCost:1>\n<cardHp:3>\n<cardType:4>\n<cardRare:0>\n<unitSkill:303>\n<partySkill:304>\n<cardImage:card_i26>","occasion":3,"price":0,"repeats":1,"scope":0,"speed":0,"successRate":100,"tpGain":0},
{"id":177,"animationId":0,"consumable":false,"damage":{"critical":false,"elementId":0,"formula":"0","type":0,"variance":20},"description":"test","effects":[],"hitType":0,"iconIndex":188,"itypeId":1,"name":"サークレット","note":"<cardCost:1>\n<cardHp:3>\n<cardType:4>\n<cardRare:0>\n<unitSkill:303>\n<partySkill:304>\n<cardImage:card_i27>","occasion":3,"price":0,"repeats":1,"scope":0,"speed":0,"successRate":100,"tpGain":0},
{"id":178,"animationId":0,"consumable":false,"damage":{"critical":false,"elementId":0,"formula":"0","type":0,"variance":20},"description":"test","effects":[],"hitType":0,"iconIndex":188,"itypeId":1,"name":"アイアンヘルム","note":"<cardCost:1>\n<cardHp:3>\n<cardType:4>\n<cardRare:0>\n<unitSkill:303>\n<partySkill:304>\n<cardImage:card_i28>","occasion":3,"price":0,"repeats":1,"scope":0,"speed":0,"successRate":100,"tpGain":0},
{"id":179,"animationId":0,"consumable":false,"damage":{"critical":false,"elementId":0,"formula":"0","type":0,"variance":20},"description":"test","effects":[],"hitType":0,"iconIndex":188,"itypeId":1,"name":"手紙","note":"<cardCost:1>\n<cardHp:3>\n<cardType:4>\n<cardRare:0>\n<unitSkill:303>\n<partySkill:304>\n<cardImage:card_i29>","occasion":3,"price":0,"repeats":1,"scope":0,"speed":0,"successRate":100,"tpGain":0},
{"id":180,"animationId":0,"consumable":false,"damage":{"critical":false,"elementId":0,"formula":"0","type":0,"variance":20},"description":"test","effects":[],"hitType":0,"iconIndex":188,"itypeId":1,"name":"天秤","note":"<cardCost:1>\n<cardHp:3>\n<cardType:4>\n<cardRare:0>\n<unitSkill:303>\n<partySkill:304>\n<cardImage:card_i30>","occasion":3,"price":0,"repeats":1,"scope":0,"speed":0,"successRate":100,"tpGain":0},
{"id":181,"animationId":0,"consumable":false,"damage":{"critical":false,"elementId":0,"formula":"0","type":0,"variance":20},"description":"test","effects":[],"hitType":0,"iconIndex":188,"itypeId":1,"name":"チムグのかばん","note":"<cardCost:1>\n<cardHp:3>\n<cardType:4>\n<cardRare:0>\n<unitSkill:363>\n<partySkill:364>\n<cardImage:card_i31>","occasion":3,"price":0,"repeats":1,"scope":0,"speed":0,"successRate":100,"tpGain":0},
{"id":182,"animationId":0,"consumable":true,"damage":{"critical":false,"elementId":0,"formula":"0","type":0,"variance":20},"description":"","effects":[],"hitType":0,"iconIndex":0,"itypeId":1,"name":"","note":"","occasion":0,"price":0,"repeats":1,"scope":7,"speed":0,"successRate":100,"tpGain":0},
{"id":183,"animationId":0,"consumable":true,"damage":{"critical":false,"elementId":0,"formula":"0","type":0,"variance":20},"description":"","effects":[],"hitType":0,"iconIndex":0,"itypeId":1,"name":"","note":"","occasion":0,"price":0,"repeats":1,"scope":7,"speed":0,"successRate":100,"tpGain":0},
{"id":184,"animationId":0,"consumable":true,"damage":{"critical":false,"elementId":0,"formula":"0","type":0,"variance":20},"description":"","effects":[],"hitType":0,"iconIndex":0,"itypeId":1,"name":"","note":"","occasion":0,"price":0,"repeats":1,"scope":7,"speed":0,"successRate":100,"tpGain":0},
{"id":185,"animationId":0,"consumable":true,"damage":{"critical":false,"elementId":0,"formula":"0","type":0,"variance":20},"description":"","effects":[],"hitType":0,"iconIndex":0,"itypeId":1,"name":"","note":"","occasion":0,"price":0,"repeats":1,"scope":7,"speed":0,"successRate":100,"tpGain":0},
{"id":186,"animationId":0,"consumable":true,"damage":{"critical":false,"elementId":0,"formula":"0","type":0,"variance":20},"description":"","effects":[],"hitType":0,"iconIndex":0,"itypeId":1,"name":"","note":"","occasion":0,"price":0,"repeats":1,"scope":7,"speed":0,"successRate":100,"tpGain":0},
{"id":187,"animationId":0,"consumable":true,"damage":{"critical":false,"elementId":0,"formula":"0","type":0,"variance":20},"description":"","effects":[],"hitType":0,"iconIndex":0,"itypeId":1,"name":"","note":"","occasion":0,"price":0,"repeats":1,"scope":7,"speed":0,"successRate":100,"tpGain":0},
{"id":188,"animationId":0,"consumable":true,"damage":{"critical":false,"elementId":0,"formula":"0","type":0,"variance":20},"description":"","effects":[],"hitType":0,"iconIndex":0,"itypeId":1,"name":"","note":"","occasion":0,"price":0,"repeats":1,"scope":7,"speed":0,"successRate":100,"tpGain":0},
{"id":189,"animationId":0,"consumable":true,"damage":{"critical":false,"elementId":0,"formula":"0","type":0,"variance":20},"description":"","effects":[],"hitType":0,"iconIndex":0,"itypeId":1,"name":"","note":"","occasion":0,"price":0,"repeats":1,"scope":7,"speed":0,"successRate":100,"tpGain":0},
{"id":190,"animationId":0,"consumable":true,"damage":{"critical":false,"elementId":0,"formula":"0","type":0,"variance":20},"description":"","effects":[],"hitType":0,"iconIndex":0,"itypeId":1,"name":"","note":"","occasion":0,"price":0,"repeats":1,"scope":7,"speed":0,"successRate":100,"tpGain":0},
{"id":191,"animationId":0,"consumable":true,"damage":{"critical":false,"elementId":0,"formula":"0","type":0,"variance":20},"description":"","effects":[],"hitType":0,"iconIndex":0,"itypeId":1,"name":"","note":"","occasion":0,"price":0,"repeats":1,"scope":7,"speed":0,"successRate":100,"tpGain":0},
{"id":192,"animationId":0,"consumable":true,"damage":{"critical":false,"elementId":0,"formula":"0","type":0,"variance":20},"description":"","effects":[],"hitType":0,"iconIndex":0,"itypeId":1,"name":"","note":"","occasion":0,"price":0,"repeats":1,"scope":7,"speed":0,"successRate":100,"tpGain":0},
{"id":193,"animationId":0,"consumable":true,"damage":{"critical":false,"elementId":0,"formula":"0","type":0,"variance":20},"description":"","effects":[],"hitType":0,"iconIndex":0,"itypeId":1,"name":"","note":"","occasion":0,"price":0,"repeats":1,"scope":7,"speed":0,"successRate":100,"tpGain":0},
{"id":194,"animationId":0,"consumable":true,"damage":{"critical":false,"elementId":0,"formula":"0","type":0,"variance":20},"description":"","effects":[],"hitType":0,"iconIndex":0,"itypeId":1,"name":"","note":"","occasion":0,"price":0,"repeats":1,"scope":7,"speed":0,"successRate":100,"tpGain":0},
{"id":195,"animationId":0,"consumable":true,"damage":{"critical":false,"elementId":0,"formula":"0","type":0,"variance":20},"description":"","effects":[],"hitType":0,"iconIndex":0,"itypeId":1,"name":"","note":"","occasion":0,"price":0,"repeats":1,"scope":7,"speed":0,"successRate":100,"tpGain":0},
{"id":196,"animationId":0,"consumable":true,"damage":{"critical":false,"elementId":0,"formula":"0","type":0,"variance":20},"description":"","effects":[],"hitType":0,"iconIndex":0,"itypeId":1,"name":"","note":"","occasion":0,"price":0,"repeats":1,"scope":7,"speed":0,"successRate":100,"tpGain":0},
{"id":197,"animationId":0,"consumable":true,"damage":{"critical":false,"elementId":0,"formula":"0","type":0,"variance":20},"description":"","effects":[],"hitType":0,"iconIndex":0,"itypeId":1,"name":"","note":"","occasion":0,"price":0,"repeats":1,"scope":7,"speed":0,"successRate":100,"tpGain":0},
{"id":198,"animationId":0,"consumable":true,"damage":{"critical":false,"elementId":0,"formula":"0","type":0,"variance":20},"description":"","effects":[],"hitType":0,"iconIndex":0,"itypeId":1,"name":"","note":"","occasion":0,"price":0,"repeats":1,"scope":7,"speed":0,"successRate":100,"tpGain":0},
{"id":199,"animationId":0,"consumable":true,"damage":{"critical":false,"elementId":0,"formula":"0","type":0,"variance":20},"description":"","effects":[],"hitType":0,"iconIndex":0,"itypeId":1,"name":"","note":"","occasion":0,"price":0,"repeats":1,"scope":7,"speed":0,"successRate":100,"tpGain":0},
{"id":200,"animationId":0,"consumable":true,"damage":{"critical":false,"elementId":0,"formula":"0","type":0,"variance":20},"description":"","effects":[],"hitType":0,"iconIndex":0,"itypeId":1,"name":"","note":"","occasion":0,"price":0,"repeats":1,"scope":7,"speed":0,"successRate":100,"tpGain":0}
]